OD,Client(s),Normalized
"OD-3026","EDIPRESSE","EDIPRESSE"
"OD-3025","EDIPRESSE","EDIPRESSE"
"OD-3024","ALL","ALL"
"OD-3023","ETS MAB","ETS MAB"
"OD-3022","EGBV","EGBV"
"OD-3021","ETS MAB","ETS MAB"
"OD-3020","ALL","ALL"
"OD-3019","EGBV","EGBV"
"OD-3018","AFREX/MEHO CAPITAL","AFREX/MEHO CAPITAL"
"OD-3017","KORI TRANSPORT","KORI TRANSPORT"
"OD-3016","AFREX/MEHO CAPITAL","AFREX/MEHO CAPITAL"
"OD-3015","SIE-TRAVAUX","SIE-TRAVAUX"
"OD-3014","SIE-TRAVAUX","SIE-TRAVAUX"
"OD-3013","ALL","ALL"
"OD-3012","ALL","ALL"
"OD-3011","ETS MAB","ETS MAB"
"OD-2998","CILAGRI","CILAGRI"
"OD-2997","ETS MAB","ETS MAB"
"OD-2996","KOFFI & DIABATE","KOFFI & DIABATE"
"OD-2995","EGBV","EGBV"
"OD-2994","EGBV","EGBV"
"OD-2987","ECORIGINE","ECORIGINE"
"OD-2986","ALL","ALL"
"OD-2985","ETS MAB","ETS MAB"
"OD-2984","TEAM SUPPORT","TEAM SUPPORT"
"OD-2981","ALL","ALL"
"OD-2974","ARIC","ARIC"
"OD-2973","ENVIPUR","ENVIPUR"
"OD-2972","SIE-TRAVAUX","SIE-TRAVAUX"
"OD-2971","ALL","ALL"
"OD-2970","SIT BTP","SIT BTP"
"OD-2969","ALL","ALL"
"OD-2964","ECORIGINE","ECORIGINE"
"OD-2963","KOFFI & DIABATE","KOFFI & DIABATE"
"OD-2962","KOFFI & DIABATE","KOFFI & DIABATE"
"OD-2961","SIT BTP","SIT BTP"
"OD-2960","ETS MAB","ETS MAB"
"OD-2959","ETS MAB","ETS MAB"
"OD-2958","ETS MAB","ETS MAB"
"OD-2957","ETS MAB","ETS MAB"
"OD-2956","ETS MAB","ETS MAB"
"OD-2955","FALCON","FALCON"
"OD-2954","SIE-TRAVAUX","SIE-TRAVAUX"
"OD-2953","ALL","ALL"
"OD-2952","EDIPRESSE","EDIPRESSE"
"OD-2951","ECORIGINE","ECORIGINE"
"OD-2950","SIE-TRAVAUX","SIE-TRAVAUX"
"OD-2949","ECORIGINE","ECORIGINE"
"OD-2948","SIE-TRAVAUX","SIE-TRAVAUX"
"OD-2947","ALL","ALL"
"OD-2946","CILAGRI","CILAGRI"
"OD-2945","KOFFI & DIABATE","KOFFI & DIABATE"
"OD-2944","SIT BTP","SIT BTP"
"OD-2943","ECORIGINE","ECORIGINE"
"OD-2942","2AAZ","2AAZ"
"OD-2941","2AAZ","2AAZ"
"OD-2940","AFREX/MEHO CAPITAL","AFREX/MEHO CAPITAL"
"OD-2939","AFREX/MEHO CAPITAL","AFREX/MEHO CAPITAL"
"OD-2938","SIE-TRAVAUX","SIE-TRAVAUX"
"OD-2937","ENVIPUR","ENVIPUR"
"OD-2936","AFREX/MEHO CAPITAL","AFREX/MEHO CAPITAL"
"OD-2935","S-TEL","S-TEL"
"OD-2934","SIE-TRAVAUX","SIE-TRAVAUX"
"OD-2933","EDIPRESSE","EDIPRESSE"
"OD-2932","ALL","ALL"
"OD-2931","ALL","ALL"
"OD-2930","ALL","ALL"
"OD-2929","ALL","ALL"
"OD-2928","ALL","ALL"
"OD-2927","ALL","ALL"
"OD-2926","ALL","ALL"
"OD-2925","ALL","ALL"
"OD-2924","ALL","ALL"
"OD-2923","ALL","ALL"
"OD-2922","ALL","ALL"
"OD-2921","ALL","ALL"
"OD-2920","ALL","ALL"
"OD-2919","ALL","ALL"
"OD-2918","ALL","ALL"
"OD-2917","ALL","ALL"
"OD-2916","KOFFI & DIABATE","KOFFI & DIABATE"
"OD-2915","KOFFI & DIABATE","KOFFI & DIABATE"
"OD-2914","KOFFI & DIABATE","KOFFI & DIABATE"
"OD-2913","KOFFI & DIABATE","KOFFI & DIABATE"
"OD-2912","ALL","ALL"
"OD-2911","SIE-TRAVAUX","SIE-TRAVAUX"
"OD-2910","ECORIGINE","ECORIGINE"
"OD-2909","ECORIGINE","ECORIGINE"
"OD-2908","ECORIGINE","ECORIGINE"
"OD-2907","ECORIGINE","ECORIGINE"
"OD-2906","ETS MAB","ETS MAB"
"OD-2905","ALL","ALL"
"OD-2904","ECORIGINE","ECORIGINE"
"OD-2903","ECORIGINE","ECORIGINE"
"OD-2902","ECORIGINE","ECORIGINE"
"OD-2901","IVOIRE DEVELOPPEMENT","IVOIRE DEVELOPPEMENT"
"OD-2900","ETS MAB","ETS MAB"
"OD-2899","CILAGRI","CILAGRI"
"OD-2898","SIT BTP","SIT BTP"
"OD-2897","ONPOINT","ONPOINT"
"OD-2896","ALL","ALL"
"OD-2895","ALL","ALL"
"OD-2894","ALL","ALL"
"OD-2893","ARIC","ARIC"
"OD-2892","AFREX/MEHO CAPITAL","AFREX/MEHO CAPITAL"
"OD-2891","AFREX/MEHO CAPITAL","AFREX/MEHO CAPITAL"
"OD-2890","ECORIGINE","ECORIGINE"
"OD-2889","ECORIGINE","ECORIGINE"
"OD-2888","ALL","ALL"
"OD-2880","ONPOINT","ONPOINT"
"OD-2878","S-TEL","S-TEL"
"OD-2877","ALL","ALL"
"OD-2876","ALL","ALL"
"OD-2875","SERTEM","SERTEM"
"OD-2874","ALL","ALL"
"OD-2873","ARIC","ARIC"
"OD-2872","CILAGRI","CILAGRI"
"OD-2871","CILAGRI","CILAGRI"
"OD-2870","ONPOINT","ONPOINT"
"OD-2868","2AAZ","2AAZ"
"OD-2867","2AAZ","2AAZ"
"OD-2866","2AAZ","2AAZ"
"OD-2865","ARIC","ARIC"
"OD-2864","AFREX/MEHO CAPITAL","AFREX/MEHO CAPITAL"
"OD-2863","ALL","ALL"
"OD-2862","KORI TRANSPORT","KORI TRANSPORT"
"OD-2861","ECORIGINE","ECORIGINE"
"OD-2860","FALCON","FALCON"
"OD-2859","MATRELEC","MATRELEC"
"OD-2857","ECORIGINE","ECORIGINE"
"OD-2856","KOFFI & DIABATE","KOFFI & DIABATE"
"OD-2855","ECORIGINE","ECORIGINE"
"OD-2854","ECORIGINE","ECORIGINE"
"OD-2852","SIT BTP","SIT BTP"
"OD-2851","ETS MAB","ETS MAB"
"OD-2850","KOFFI & DIABATE","KOFFI & DIABATE"
"OD-2849","ARIC","ARIC"
"OD-2848","ALL","ALL"
"OD-2847","ALL","ALL"
"OD-2845","FIRST CAPITAL","FIRST CAPITAL"
"OD-2844","FIRST CAPITAL","FIRST CAPITAL"
"OD-2843","ECORIGINE","ECORIGINE"
"OD-2842","FIRST CAPITAL","FIRST CAPITAL"
"OD-2841","2AAZ","2AAZ"
"OD-2840","EGBV","EGBV"
"OD-2839","ECORIGINE","ECORIGINE"
"OD-2838","ECORIGINE","ECORIGINE"
"OD-2837","ALL","ALL"
"OD-2836","S-TEL","S-TEL"
"OD-2835","AFREX/MEHO CAPITAL","AFREX/MEHO CAPITAL"
"OD-2834","ECORIGINE","ECORIGINE"
"OD-2833","FIRST CAPITAL","FIRST CAPITAL"
"OD-2832","ARIC","ARIC"
"OD-2831","FIRST CAPITAL","FIRST CAPITAL"
"OD-2830","ALL","ALL"
"OD-2829","ARIC","ARIC"
"OD-2828","LABOGEM","LABOGEM"
"OD-2827","CILAGRI","CILAGRI"
"OD-2826","ECORIGINE","ECORIGINE"
"OD-2825","ONPOINT","ONPOINT"
"OD-2824","AFREX/MEHO CAPITAL","AFREX/MEHO CAPITAL"
"OD-2823","ALL","ALL"
"OD-2822","SERTEM","SERTEM"
"OD-2821","SERTEM","SERTEM"
"OD-2820","SERTEM","SERTEM"
"OD-2819","CILAGRI","CILAGRI"
"OD-2818","ALL","ALL"
"OD-2817","JOEL K PROPERTIES","JOEL K PROPERTIES"
"OD-2816","FALCON","FALCON"
"OD-2815","ALL","ALL"
"OD-2814","ALL","ALL"
"OD-2813","CILAGRI","CILAGRI"
"OD-2812","EGBV","EGBV"
"OD-2811","FIRST CAPITAL","FIRST CAPITAL"
"OD-2810","SIT BTP","SIT BTP"
"OD-2809","ONPOINT","ONPOINT"
"OD-2808","ONPOINT","ONPOINT"
"OD-2807","ONPOINT","ONPOINT"
"OD-2806","ONPOINT","ONPOINT"
"OD-2805","ONPOINT","ONPOINT"
"OD-2804","ONPOINT","ONPOINT"
"OD-2803","ONPOINT","ONPOINT"
"OD-2802","ONPOINT","ONPOINT"
"OD-2801","CILAGRI","CILAGRI"
"OD-2800","CILAGRI","CILAGRI"
"OD-2799","MATRELEC","MATRELEC"
"OD-2798","ALL","ALL"
"OD-2796","ECORIGINE","ECORIGINE"
"OD-2794","ALL","ALL"
"OD-2793","ARIC","ARIC"
"OD-2792","SERTEM","SERTEM"
"OD-2791","ALL","ALL"
"OD-2790","ONPOINT","ONPOINT"
"OD-2789","ONPOINT","ONPOINT"
"OD-2788","FIRST CAPITAL","FIRST CAPITAL"
"OD-2787","ALL","ALL"
"OD-2786","ALL","ALL"
"OD-2784","ALL","ALL"
"OD-2783","S-TEL","S-TEL"
"OD-2782","ARIC","ARIC"
"OD-2781","ARIC","ARIC"
"OD-2778","ARIC","ARIC"
"OD-2777","SIE-TRAVAUX","SIE-TRAVAUX"
"OD-2776","2AAZ","2AAZ"
"OD-2775","ONPOINT","ONPOINT"
"OD-2774","ALL","ALL"
"OD-2773","KORI TRANSPORT","KORI TRANSPORT"
"OD-2772","SIT BTP","SIT BTP"
"OD-2771","ALL","ALL"
"OD-2770","KOFFI & DIABATE","KOFFI & DIABATE"
"OD-2768","CILAGRI","CILAGRI"
"OD-2767","SIS","SIS"
"OD-2766","EDIPRESSE","EDIPRESSE"
"OD-2765","ALL","ALL"
"OD-2764","ONPOINT","ONPOINT"
"OD-2762","JOEL K PROPERTIES","JOEL K PROPERTIES"
"OD-2761","KOFFI & DIABATE","KOFFI & DIABATE"
"OD-2748","ONPOINT","ONPOINT"
"OD-2745","FALCON","FALCON"
"OD-2737","ONPOINT","ONPOINT"
"OD-2733","ONPOINT","ONPOINT"
"OD-2732","KOFFI & DIABATE","KOFFI & DIABATE"
"OD-2728","ALL","ALL"
"OD-2725","ALL","ALL"
"OD-2724","SIT BTP","SIT BTP"
"OD-2723","ALL","ALL"
"OD-2722","ONPOINT","ONPOINT"
"OD-2716","ONPOINT","ONPOINT"
"OD-2715","ONPOINT","ONPOINT"
"OD-2714","S-TEL","S-TEL"
"OD-2712","SIE-TRAVAUX","SIE-TRAVAUX"
"OD-2711","ALL","ALL"
"OD-2710","ARIC","ARIC"
"OD-2709","KOFFI & DIABATE","KOFFI & DIABATE"
"OD-2708","SERTEM","SERTEM"
"OD-2707","ARIC","ARIC"
"OD-2706","FIRST CAPITAL","FIRST CAPITAL"
"OD-2705","ALL","ALL"
"OD-2704","ALL","ALL"
"OD-2703","ALL","ALL"
"OD-2702","ONPOINT","ONPOINT"
"OD-2701","KOFFI & DIABATE","KOFFI & DIABATE"
"OD-2700","ONPOINT","ONPOINT"
"OD-2699","ALL","ALL"
"OD-2698","ONPOINT","ONPOINT"
"OD-2697","KOFFI & DIABATE","KOFFI & DIABATE"
"OD-2696","KOFFI & DIABATE","KOFFI & DIABATE"
"OD-2695","ARIC","ARIC"
"OD-2693","SIT BTP","SIT BTP"
"OD-2692","EJARA","EJARA"
"OD-2691","ARIC","ARIC"
"OD-2690","LABOGEM","LABOGEM"
"OD-2689","LABOGEM","LABOGEM"
"OD-2688","LABOGEM","LABOGEM"
"OD-2687","ALL","ALL"
"OD-2686","ONPOINT","ONPOINT"
"OD-2685","SIT BTP","SIT BTP"
"OD-2683","ECORIGINE","ECORIGINE"
"OD-2682","ARIC","ARIC"
"OD-2681","FALCON","FALCON"
"OD-2680","KORI TRANSPORT","KORI TRANSPORT"
"OD-2679","ARIC","ARIC"
"OD-2678","ONPOINT","ONPOINT"
"OD-2677","EJARA","EJARA"
"OD-2676","MATRELEC","MATRELEC"
"OD-2675","SIT BTP","SIT BTP"
"OD-2673","ARIC","ARIC"
"OD-2672","ALL","ALL"
"OD-2671","FALCON","FALCON"
"OD-2670","ONPOINT","ONPOINT"
"OD-2669","CILAGRI","CILAGRI"
"OD-2668","CILAGRI","CILAGRI"
"OD-2666","CILAGRI","CILAGRI"
"OD-2665","CILAGRI","CILAGRI"
"OD-2664","KOFFI & DIABATE","KOFFI & DIABATE"
"OD-2663","KOFFI & DIABATE","KOFFI & DIABATE"
"OD-2661","LABOGEM","LABOGEM"
"OD-2660","SIE-TRAVAUX","SIE-TRAVAUX"
"OD-2659","ALL","ALL"
"OD-2658","CILAGRI","CILAGRI"
"OD-2657","SIT BTP","SIT BTP"
"OD-2656","ALL","ALL"
"OD-2655","ONPOINT","ONPOINT"
"OD-2654","JOEL K PROPERTIES","JOEL K PROPERTIES"
"OD-2653","FIRST CAPITAL","FIRST CAPITAL"
"OD-2652","KOFFI & DIABATE","KOFFI & DIABATE"
"OD-2650","ONPOINT","ONPOINT"
"OD-2649","ALL","ALL"
"OD-2648","ALL","ALL"
"OD-2647","ONPOINT","ONPOINT"
"OD-2646","ONPOINT","ONPOINT"
"OD-2645","ONPOINT","ONPOINT"
"OD-2644","ONPOINT","ONPOINT"
"OD-2643","ONPOINT","ONPOINT"
"OD-2642","ARIC","ARIC"
"OD-2641","KORI TRANSPORT","KORI TRANSPORT"
"OD-2640","KORI TRANSPORT","KORI TRANSPORT"
"OD-2639","ECORIGINE","ECORIGINE"
"OD-2637","S-TEL","S-TEL"
"OD-2636","IVOIRE DEVELOPPEMENT","IVOIRE DEVELOPPEMENT"
"OD-2635","ONPOINT","ONPOINT"
"OD-2634","IVOIRE DEVELOPPEMENT","IVOIRE DEVELOPPEMENT"
"OD-2633","SERTEM","SERTEM"
"OD-2632","SIE-TRAVAUX","SIE-TRAVAUX"
"OD-2631","SIE-TRAVAUX","SIE-TRAVAUX"
"OD-2630","SIE-TRAVAUX","SIE-TRAVAUX"
"OD-2629","EGBV","EGBV"
"OD-2627","SIT BTP","SIT BTP"
"OD-2626","ONPOINT","ONPOINT"
"OD-2625","SIE-TRAVAUX","SIE-TRAVAUX"
"OD-2624","CILAGRI","CILAGRI"
"OD-2623","ARIC","ARIC"
"OD-2622","ARIC","ARIC"
"OD-2621","ARIC","ARIC"
"OD-2620","ARIC","ARIC"
"OD-2619","ARIC","ARIC"
"OD-2618","JOEL K PROPERTIES","JOEL K PROPERTIES"
"OD-2617","IVOIRE DEVELOPPEMENT","IVOIRE DEVELOPPEMENT"
"OD-2616","IVOIRE DEVELOPPEMENT","IVOIRE DEVELOPPEMENT"
"OD-2615","EDIPRESSE","EDIPRESSE"
"OD-2614","SIE-TRAVAUX","SIE-TRAVAUX"
"OD-2613","SIE-TRAVAUX","SIE-TRAVAUX"
"OD-2612","ARIC","ARIC"
"OD-2611","IVOIRE DEVELOPPEMENT","IVOIRE DEVELOPPEMENT"
"OD-2608","KOFFI & DIABATE","KOFFI & DIABATE"
"OD-2607","IVOIRE DEVELOPPEMENT","IVOIRE DEVELOPPEMENT"
"OD-2606","IVOIRE DEVELOPPEMENT","IVOIRE DEVELOPPEMENT"
"OD-2605","ECORIGINE","ECORIGINE"
"OD-2604","SIT BTP","SIT BTP"
"OD-2603","KOFFI & DIABATE","KOFFI & DIABATE"
"OD-2602","KOFFI & DIABATE","KOFFI & DIABATE"
"OD-2601","KOFFI & DIABATE","KOFFI & DIABATE"
"OD-2600","KOFFI & DIABATE","KOFFI & DIABATE"
"OD-2599","SIT BTP","SIT BTP"
"OD-2598","CILAGRI","CILAGRI"
"OD-2597","CILAGRI","CILAGRI"
"OD-2596","ARIC","ARIC"
"OD-2595","FALCON","FALCON"
"OD-2593","2AAZ","2AAZ"
"OD-2592","SIE-TRAVAUX","SIE-TRAVAUX"
"OD-2591","ALL","ALL"
"OD-2590","ALL","ALL"
"OD-2589","KOFFI & DIABATE","KOFFI & DIABATE"
"OD-2588","ARIC","ARIC"
"OD-2587","CILAGRI","CILAGRI"
"OD-2585","CILAGRI","CILAGRI"
"OD-2584","CILAGRI","CILAGRI"
"OD-2583","EJARA","EJARA"
"OD-2582","S-TEL","S-TEL"
"OD-2581","ARIC","ARIC"
"OD-2580","ARIC","ARIC"
"OD-2578","ARIC","ARIC"
"OD-2577","ARIC","ARIC"
"OD-2576","KOFFI & DIABATE","KOFFI & DIABATE"
"OD-2575","ARIC","ARIC"
"OD-2574","ARIC","ARIC"
"OD-2573","2AAZ","2AAZ"
"OD-2572","CILAGRI","CILAGRI"
"OD-2571","EDIPRESSE","EDIPRESSE"
"OD-2570","CILAGRI","CILAGRI"
"OD-2569","ALL","ALL"
"OD-2568","ONPOINT","ONPOINT"
"OD-2567","KOFFI & DIABATE","KOFFI & DIABATE"
"OD-2566","JOEL K PROPERTIES","JOEL K PROPERTIES"
"OD-2565","AFRIC URBA","AFRIC URBA"
"OD-2564","ARIC","ARIC"
"OD-2563","ARIC","ARIC"
"OD-2562","ARIC","ARIC"
"OD-2561","KOFFI & DIABATE","KOFFI & DIABATE"
"OD-2559","EJARA","EJARA"
"OD-2558","KOFFI & DIABATE","KOFFI & DIABATE"
"OD-2557","S-TEL","S-TEL"
"OD-2556","ARIC","ARIC"
"OD-2555","ECORIGINE","ECORIGINE"
"OD-2554","ARIC","ARIC"
"OD-2553","KOFFI & DIABATE","KOFFI & DIABATE"
"OD-2552","KOFFI & DIABATE","KOFFI & DIABATE"
"OD-2551","JOEL K PROPERTIES","JOEL K PROPERTIES"
"OD-2550","KORI TRANSPORT","KORI TRANSPORT"
"OD-2549","ALL","ALL"
"OD-2548","ALL","ALL"
"OD-2547","CILAGRI","CILAGRI"
"OD-2546","KORI TRANSPORT","KORI TRANSPORT"
"OD-2545","ARIC","ARIC"
"OD-2544","ARIC","ARIC"
"OD-2543","ARIC","ARIC"
"OD-2542","CILAGRI","CILAGRI"
"OD-2541","KOFFI & DIABATE","KOFFI & DIABATE"
"OD-2540","ECORIGINE","ECORIGINE"
"OD-2539","KOFFI & DIABATE","KOFFI & DIABATE"
"OD-2538","ONPOINT","ONPOINT"
"OD-2537","ALL","ALL"
"OD-2536","ONPOINT","ONPOINT"
"OD-2535","EJARA","EJARA"
"OD-2533","AFRIC URBA","AFRIC URBA"
"OD-2532","ECORIGINE","ECORIGINE"
"OD-2531","ECORIGINE","ECORIGINE"
"OD-2530","ARIC","ARIC"
"OD-2529","ECORIGINE","ECORIGINE"
"OD-2528","KOFFI & DIABATE","KOFFI & DIABATE"
"OD-2527","ALL","ALL"
"OD-2526","ECORIGINE","ECORIGINE"
"OD-2525","ECORIGINE","ECORIGINE"
"OD-2524","ECORIGINE","ECORIGINE"
"OD-2523","ECORIGINE","ECORIGINE"
"OD-2522","ALL","ALL"
"OD-2521","ALL","ALL"
"OD-2520","KOFFI & DIABATE","KOFFI & DIABATE"
"OD-2519","CILAGRI","CILAGRI"
"OD-2518","ONPOINT","ONPOINT"
"OD-2517","ECORIGINE","ECORIGINE"
"OD-2516","ARIC","ARIC"
"OD-2515","EGBV","EGBV"
"OD-2514","ALL","ALL"
"OD-2513","EDIPRESSE","EDIPRESSE"
"OD-2512","ARIC","ARIC"
"OD-2511","SIT BTP","SIT BTP"
"OD-2510","IVOIRE DEVELOPPEMENT","IVOIRE DEVELOPPEMENT"
"OD-2509","IVOIRE DEVELOPPEMENT","IVOIRE DEVELOPPEMENT"
"OD-2508","IVOIRE DEVELOPPEMENT","IVOIRE DEVELOPPEMENT"
"OD-2507","ARIC","ARIC"
"OD-2506","IVOIRE DEVELOPPEMENT","IVOIRE DEVELOPPEMENT"
"OD-2505","ARIC","ARIC"
"OD-2504","ARIC","ARIC"
"OD-2503","ARIC","ARIC"
"OD-2502","ARIC","ARIC"
"OD-2500","S-TEL","S-TEL"
"OD-2499","SIE-TRAVAUX","SIE-TRAVAUX"
"OD-2498","SIE-TRAVAUX","SIE-TRAVAUX"
"OD-2497","SIE-TRAVAUX","SIE-TRAVAUX"
"OD-2496","ALL","ALL"
"OD-2495","SIE-TRAVAUX","SIE-TRAVAUX"
"OD-2494","SIE-TRAVAUX","SIE-TRAVAUX"
"OD-2493","SIE-TRAVAUX","SIE-TRAVAUX"
"OD-2492","SIE-TRAVAUX","SIE-TRAVAUX"
"OD-2491","SIE-TRAVAUX","SIE-TRAVAUX"
"OD-2490","SIE-TRAVAUX","SIE-TRAVAUX"
"OD-2489","SIE-TRAVAUX","SIE-TRAVAUX"
"OD-2488","SIE-TRAVAUX","SIE-TRAVAUX"
"OD-2487","SIE-TRAVAUX","SIE-TRAVAUX"
"OD-2486","SIE-TRAVAUX","SIE-TRAVAUX"
"OD-2485","CILAGRI","CILAGRI"
"OD-2484","ALL","ALL"
"OD-2483","ALL","ALL"
"OD-2482","CILAGRI","CILAGRI"
"OD-2481","ONPOINT","ONPOINT"
"OD-2480","ONPOINT","ONPOINT"
"OD-2479","ONPOINT","ONPOINT"
"OD-2478","ONPOINT","ONPOINT"
"OD-2477","ONPOINT","ONPOINT"
"OD-2476","ONPOINT","ONPOINT"
"OD-2472","ONPOINT","ONPOINT"
"OD-2471","ONPOINT","ONPOINT"
"OD-2470","ONPOINT","ONPOINT"
"OD-2469","ONPOINT","ONPOINT"
"OD-2468","ONPOINT","ONPOINT"
"OD-2467","LABOGEM","LABOGEM"
"OD-2466","ALL","ALL"
"OD-2465","ALL","ALL"
"OD-2464","FIRST CAPITAL","FIRST CAPITAL"
"OD-2463","SIS","SIS"
"OD-2462","ECORIGINE","ECORIGINE"
"OD-2461","ECORIGINE","ECORIGINE"
"OD-2460","ECORIGINE","ECORIGINE"
"OD-2459","ECORIGINE","ECORIGINE"
"OD-2458","ECORIGINE","ECORIGINE"
"OD-2457","SIS","SIS"
"OD-2456","ECORIGINE","ECORIGINE"
"OD-2455","ECORIGINE","ECORIGINE"
"OD-2454","ECORIGINE","ECORIGINE"
"OD-2453","ECORIGINE","ECORIGINE"
"OD-2452","ECORIGINE","ECORIGINE"
"OD-2451","ECORIGINE","ECORIGINE"
"OD-2450","ECORIGINE","ECORIGINE"
"OD-2449","ECORIGINE","ECORIGINE"
"OD-2448","ECORIGINE","ECORIGINE"
"OD-2447","ONPOINT","ONPOINT"
"OD-2445","ALL","ALL"
"OD-2444","2AAZ","2AAZ"
"OD-2443","ALL","ALL"
"OD-2442","ALL","ALL"
"OD-2441","ALL","ALL"
"OD-2440","ALL","ALL"
"OD-2439","ALL","ALL"
"OD-2438","ALL","ALL"
"OD-2437","ARIC","ARIC"
"OD-2436","SIS","SIS"
"OD-2435","SIE-TRAVAUX","SIE-TRAVAUX"
"OD-2434","JOEL K PERFORMANCE","JOEL K PERFORMANCE"
"OD-2433","LABOGEM","LABOGEM"
"OD-2432","ONPOINT","ONPOINT"
"OD-2431","KOFFI & DIABATE","KOFFI & DIABATE"
"OD-2430","KORI TRANSPORT","KORI TRANSPORT"
"OD-2429","CILAGRI","CILAGRI"
"OD-2428","SIE-TRAVAUX","SIE-TRAVAUX"
"OD-2427","ECORIGINE","ECORIGINE"
"OD-2426","ALL","ALL"
"OD-2425","ONPOINT","ONPOINT"
"OD-2424","EJARA","EJARA"
"OD-2423","EJARA","EJARA"
"OD-2422","SIT BTP","SIT BTP"
"OD-2421","ECORIGINE","ECORIGINE"
"OD-2420","ECORIGINE","ECORIGINE"
"OD-2419","ECORIGINE","ECORIGINE"
"OD-2418","ECORIGINE","ECORIGINE"
"OD-2416","ECORIGINE","ECORIGINE"
"OD-2414","ECORIGINE","ECORIGINE"
"OD-2412","KOFFI & DIABATE","KOFFI & DIABATE"
"OD-2411","VENUS DISTRIBUTION","VENUS DISTRIBUTION"
"OD-2410","VENUS DISTRIBUTION","VENUS DISTRIBUTION"
"OD-2409","CILAGRI","CILAGRI"
"OD-2408","ONPOINT","ONPOINT"
"OD-2407","CILAGRI","CILAGRI"
"OD-2406","CILAGRI","CILAGRI"
"OD-2405","CILAGRI","CILAGRI"
"OD-2403","ECORIGINE","ECORIGINE"
"OD-2402","ECORIGINE","ECORIGINE"
"OD-2401","ECORIGINE","ECORIGINE"
"OD-2400","ECORIGINE","ECORIGINE"
"OD-2399","CILAGRI","CILAGRI"
"OD-2398","EJARA","EJARA"
"OD-2397","KORI TRANSPORT","KORI TRANSPORT"
"OD-2396","S-TEL","S-TEL"
"OD-2395","S-TEL","S-TEL"
"OD-2394","ONPOINT","ONPOINT"
"OD-2393","FALCON","FALCON"
"OD-2392","FALCON","FALCON"
"OD-2391","CILAGRI","CILAGRI"
"OD-2390","CILAGRI","CILAGRI"
"OD-2389","CILAGRI","CILAGRI"
"OD-2388","CILAGRI","CILAGRI"
"OD-2387","SIE-TRAVAUX","SIE-TRAVAUX"
"OD-2386","ALL","ALL"
"OD-2385","ECORIGINE","ECORIGINE"
"OD-2384","ECORIGINE","ECORIGINE"
"OD-2383","ALL","ALL"
"OD-2382","ONPOINT","ONPOINT"
"OD-2381","ONPOINT","ONPOINT"
"OD-2380","ONPOINT","ONPOINT"
"OD-2379","ONPOINT","ONPOINT"
"OD-2378","ONPOINT","ONPOINT"
"OD-2376","ONPOINT","ONPOINT"
"OD-2375","ONPOINT","ONPOINT"
"OD-2374","ONPOINT","ONPOINT"
"OD-2373","ONPOINT","ONPOINT"
"OD-2372","ONPOINT","ONPOINT"
"OD-2371","ONPOINT","ONPOINT"
"OD-2370","CILAGRI","CILAGRI"
"OD-2369","ALL","ALL"
"OD-2367","ONPOINT","ONPOINT"
"OD-2366","EDIPRESSE","EDIPRESSE"
"OD-2365","ONPOINT","ONPOINT"
"OD-2364","ONPOINT","ONPOINT"
"OD-2363","CILAGRI","CILAGRI"
"OD-2362","EJARA","EJARA"
"OD-2361","CILAGRI","CILAGRI"
"OD-2360","KORI TRANSPORT","KORI TRANSPORT"
"OD-2359","TEAM SUPPORT","TEAM SUPPORT"
"OD-2358","ECORIGINE","ECORIGINE"
"OD-2357","ECORIGINE","ECORIGINE"
"OD-2356","ALL","ALL"
"OD-2355","SIS","SIS"
"OD-2354","ONPOINT","ONPOINT"
"OD-2353","ALL","ALL"
"OD-2352","ALL","ALL"
"OD-2351","KORI TRANSPORT","KORI TRANSPORT"
"OD-2350","ONPOINT","ONPOINT"
"OD-2349","ONPOINT","ONPOINT"
"OD-2348","CILAGRI","CILAGRI"
"OD-2347","ONPOINT","ONPOINT"
"OD-2346","CILAGRI","CILAGRI"
"OD-2345","ONPOINT","ONPOINT"
"OD-2344","EDIPRESSE","EDIPRESSE"
"OD-2342","KOFFI & DIABATE","KOFFI & DIABATE"
"OD-2341","ONPOINT","ONPOINT"
"OD-2340","CILAGRI","CILAGRI"
"OD-2339","KOFFI & DIABATE","KOFFI & DIABATE"
"OD-2338","ONPOINT","ONPOINT"
"OD-2337","EJARA","EJARA"
"OD-2336","CILAGRI","CILAGRI"
"OD-2335","CILAGRI","CILAGRI"
"OD-2334","ALL","ALL"
"OD-2333","ECORIGINE","ECORIGINE"
"OD-2332","VENUS DISTRIBUTION","VENUS DISTRIBUTION"
"OD-2331","2AAZ","2AAZ"
"OD-2330","CILAGRI","CILAGRI"
"OD-2329","CILAGRI","CILAGRI"
"OD-2328","ALL","ALL"
"OD-2327","ALL","ALL"
"OD-2326","ALL","ALL"
"OD-2325","ECORIGINE","ECORIGINE"
"OD-2324","ECORIGINE","ECORIGINE"
"OD-2323","ALL","ALL"
"OD-2322","ONPOINT","ONPOINT"
"OD-2321","ONPOINT","ONPOINT"
"OD-2319","IVOIRE DEVELOPPEMENT","IVOIRE DEVELOPPEMENT"
"OD-2318","ALL","ALL"
"OD-2317","CILAGRI","CILAGRI"
"OD-2316","IVOIRE DEVELOPPEMENT","IVOIRE DEVELOPPEMENT"
"OD-2315","ALL","ALL"
"OD-2314","S-TEL","S-TEL"
"OD-2313","ONPOINT","ONPOINT"
"OD-2312","ONPOINT","ONPOINT"
"OD-2311","CILAGRI","CILAGRI"
"OD-2310","ONPOINT","ONPOINT"
"OD-2309","CILAGRI","CILAGRI"
"OD-2308","KORI TRANSPORT","KORI TRANSPORT"
"OD-2307","ALL","ALL"
"OD-2305","ALL","ALL"
"OD-2304","CILAGRI","CILAGRI"
"OD-2302","ALL","ALL"
"OD-2301","JOEL K PROPERTIES","JOEL K PROPERTIES"
"OD-2300","EDIPRESSE","EDIPRESSE"
"OD-2299","JOEL K PROPERTIES","JOEL K PROPERTIES"
"OD-2298","JOEL K PROPERTIES","JOEL K PROPERTIES"
"OD-2297","ALL","ALL"
"OD-2296","SIS","SIS"
"OD-2295","ONPOINT","ONPOINT"
"OD-2294","S-TEL","S-TEL"
"OD-2293","CILAGRI","CILAGRI"
"OD-2292","ONPOINT","ONPOINT"
"OD-2291","EDIPRESSE","EDIPRESSE"
"OD-2290","S-TEL","S-TEL"
"OD-2289","IVOIRE DEVELOPPEMENT","IVOIRE DEVELOPPEMENT"
"OD-2288","IVOIRE DEVELOPPEMENT","IVOIRE DEVELOPPEMENT"
"OD-2287","IVOIRE DEVELOPPEMENT","IVOIRE DEVELOPPEMENT"
"OD-2286","IVOIRE DEVELOPPEMENT","IVOIRE DEVELOPPEMENT"
"OD-2285","IVOIRE DEVELOPPEMENT","IVOIRE DEVELOPPEMENT"
"OD-2284","IVOIRE DEVELOPPEMENT","IVOIRE DEVELOPPEMENT"
"OD-2283","SIS","SIS"
"OD-2282","MATRELEC","MATRELEC"
"OD-2280","ONPOINT","ONPOINT"
"OD-2279","SIS","SIS"
"OD-2277","KOFFI & DIABATE","KOFFI & DIABATE"
"OD-2276","ONPOINT","ONPOINT"
"OD-2275","S-TEL","S-TEL"
"OD-2274","ONPOINT","ONPOINT"
"OD-2273","ONPOINT","ONPOINT"
"OD-2272","KOFFI & DIABATE","KOFFI & DIABATE"
"OD-2271","SIS","SIS"
"OD-2270","SIS","SIS"
"OD-2268","S-TEL","S-TEL"
"OD-2267","ALL","ALL"
"OD-2266","ONPOINT","ONPOINT"
"OD-2265","ONPOINT","ONPOINT"
"OD-2264","EJARA","EJARA"
"OD-2263","FALCON","FALCON"
"OD-2262","SIS","SIS"
"OD-2261","ALL","ALL"
"OD-2259","ONPOINT","ONPOINT"
"OD-2258","ONPOINT","ONPOINT"
"OD-2257","ONPOINT","ONPOINT"
"OD-2256","JOEL K PROPERTIES","JOEL K PROPERTIES"
"OD-2255","KOFFI & DIABATE","KOFFI & DIABATE"
"OD-2254","ONPOINT","ONPOINT"
"OD-2253","ONPOINT","ONPOINT"
"OD-2252","KOFFI & DIABATE","KOFFI & DIABATE"
"OD-2251","FALCON","FALCON"
"OD-2250","CILAGRI","CILAGRI"
"OD-2249","KOFFI & DIABATE","KOFFI & DIABATE"
"OD-2248","ALL","ALL"
"OD-2247","CILAGRI","CILAGRI"
"OD-2246","ALL","ALL"
"OD-2245","ALL","ALL"
"OD-2244","EDIPRESSE","EDIPRESSE"
"OD-2243","S-TEL","S-TEL"
"OD-2242","SIS","SIS"
"OD-2241","CILAGRI","CILAGRI"
"OD-2240","CILAGRI","CILAGRI"
"OD-2239","S-TEL","S-TEL"
"OD-2238","S-TEL","S-TEL"
"OD-2237","FALCON","FALCON"
"OD-2236","CIP","CIP"
"OD-2235","KOFFI & DIABATE","KOFFI & DIABATE"
"OD-2234","KOFFI & DIABATE","KOFFI & DIABATE"
"OD-2233","EGBV","EGBV"
"OD-2232","SIS","SIS"
"OD-2230","ALL","ALL"
"OD-2229","ALL","ALL"
"OD-2228","SIS","SIS"
"OD-2227","ALL","ALL"
"OD-2225","S-TEL","S-TEL"
"OD-2224","KORI TRANSPORT","KORI TRANSPORT"
"OD-2223","EGBV","EGBV"
"OD-2222","EGBV","EGBV"
"OD-2221","SIS","SIS"
"OD-2220","S-TEL","S-TEL"
"OD-2219","SIS","SIS"
"OD-2218","SIS","SIS"
"OD-2217","CILAGRI","CILAGRI"
"OD-2216","ALL","ALL"
"OD-2215","SIS","SIS"
"OD-2213","ALL","ALL"
"OD-2211","S-TEL","S-TEL"
"OD-2209","KOFFI & DIABATE","KOFFI & DIABATE"
"OD-2208","KOFFI & DIABATE","KOFFI & DIABATE"
"OD-2207","VENUS DISTRIBUTION","VENUS DISTRIBUTION"
"OD-2206","ALL","ALL"
"OD-2205","ALL","ALL"
"OD-2204","S-TEL","S-TEL"
"OD-2203","ALL","ALL"
"OD-2202","ECORIGINE","ECORIGINE"
"OD-2201","ONPOINT","ONPOINT"
"OD-2200","ALL","ALL"
"OD-2199","FIRST CAPITAL","FIRST CAPITAL"
"OD-2198","CILAGRI","CILAGRI"
"OD-2197","S-TEL","S-TEL"
"OD-2196","S-TEL","S-TEL"
"OD-2195","S-TEL","S-TEL"
"OD-2194","ONPOINT","ONPOINT"
"OD-2193","KOFFI & DIABATE","KOFFI & DIABATE"
"OD-2192","ONPOINT","ONPOINT"
"OD-2191","KOFFI & DIABATE","KOFFI & DIABATE"
"OD-2190","CILAGRI","CILAGRI"
"OD-2189","ALL","ALL"
"OD-2188","ALL","ALL"
"OD-2187","ECORIGINE","ECORIGINE"
"OD-2186","KOFFI & DIABATE","KOFFI & DIABATE"
"OD-2185","KOFFI & DIABATE","KOFFI & DIABATE"
"OD-2184","KORI TRANSPORT","KORI TRANSPORT"
"OD-2183","LABOGEM","LABOGEM"
"OD-2182","EGBV","EGBV"
"OD-2181","KOFFI & DIABATE","KOFFI & DIABATE"
"OD-2180","CHURN/TEST","CHURN/TEST"
"OD-2179","CILAGRI","CILAGRI"
"OD-2178","EDIPRESSE","EDIPRESSE"
"OD-2177","FALCON","FALCON"
"OD-2176","S-TEL","S-TEL"
"OD-2175","FALCON","FALCON"
"OD-2174","ONPOINT","ONPOINT"
"OD-2173","ONPOINT","ONPOINT"
"OD-2172","KORI TRANSPORT","KORI TRANSPORT"
"OD-2171","ALL","ALL"
"OD-2170","ONPOINT","ONPOINT"
"OD-2168","KOFFI & DIABATE","KOFFI & DIABATE"
"OD-2167","ALL","ALL"
"OD-2166","KORI TRANSPORT","KORI TRANSPORT"
"OD-2165","ONPOINT","ONPOINT"
"OD-2164","KOFFI & DIABATE","KOFFI & DIABATE"
"OD-2163","ONPOINT","ONPOINT"
"OD-2162","ONPOINT","ONPOINT"
"OD-2161","KOFFI & DIABATE","KOFFI & DIABATE"
"OD-2160","ONPOINT","ONPOINT"
"OD-2159","ALL","ALL"
"OD-2158","ONPOINT","ONPOINT"
"OD-2157","KOFFI & DIABATE","KOFFI & DIABATE"
"OD-2156","FALCON","FALCON"
"OD-2155","ONPOINT","ONPOINT"
"OD-2154","ALL","ALL"
"OD-2153","ALL","ALL"
"OD-2152","ONPOINT","ONPOINT"
"OD-2151","S-TEL","S-TEL"
"OD-2150","ALL","ALL"
"OD-2149","CHURN/TEST","CHURN/TEST"
"OD-2148","CHURN/TEST","CHURN/TEST"
"OD-2147","CHURN/TEST","CHURN/TEST"
"OD-2146","ALL","ALL"
"OD-2145","SIT BTP","SIT BTP"
"OD-2144","KOFFI & DIABATE","KOFFI & DIABATE"
"OD-2142","KOFFI & DIABATE","KOFFI & DIABATE"
"OD-2141","ONPOINT","ONPOINT"
"OD-2140","KOFFI & DIABATE","KOFFI & DIABATE"
"OD-2139","VENUS DISTRIBUTION","VENUS DISTRIBUTION"
"OD-2138","VENUS DISTRIBUTION","VENUS DISTRIBUTION"
"OD-2137","VENUS DISTRIBUTION","VENUS DISTRIBUTION"
"OD-2136","VENUS DISTRIBUTION","VENUS DISTRIBUTION"
"OD-2135","KOFFI & DIABATE","KOFFI & DIABATE"
"OD-2134","VENUS DISTRIBUTION","VENUS DISTRIBUTION"
"OD-2133","CHURN/TEST","CHURN/TEST"
"OD-2132","CHURN/TEST","CHURN/TEST"
"OD-2131","KORI TRANSPORT","KORI TRANSPORT"
"OD-2130","ONPOINT","ONPOINT"
"OD-2129","ONPOINT","ONPOINT"
"OD-2128","ONPOINT","ONPOINT"
"OD-2127","ONPOINT","ONPOINT"
"OD-2126","ONPOINT","ONPOINT"
"OD-2125","CILAGRI","CILAGRI"
"OD-2124","LABOGEM","LABOGEM"
"OD-2123","VENUS DISTRIBUTION","VENUS DISTRIBUTION"
"OD-2122","VENUS DISTRIBUTION","VENUS DISTRIBUTION"
"OD-2121","SIT BTP","SIT BTP"
"OD-2120","LABOGEM","LABOGEM"
"OD-2119","KORI TRANSPORT","KORI TRANSPORT"
"OD-2117","SIS","SIS"
"OD-2116","KOFFI & DIABATE","KOFFI & DIABATE"
"OD-2115","ONPOINT","ONPOINT"
"OD-2113","EGBV","EGBV"
"OD-2112","KOFFI & DIABATE","KOFFI & DIABATE"
"OD-2111","KOFFI & DIABATE","KOFFI & DIABATE"
"OD-2110","SIS","SIS"
"OD-2109","S-TEL","S-TEL"
"OD-2108","KOFFI & DIABATE","KOFFI & DIABATE"
"OD-2107","CILAGRI","CILAGRI"
"OD-2106","EJARA","EJARA"
"OD-2105","VENUS DISTRIBUTION","VENUS DISTRIBUTION"
"OD-2104","S-TEL","S-TEL"
"OD-2103","VENUS DISTRIBUTION","VENUS DISTRIBUTION"
"OD-2102","VENUS DISTRIBUTION","VENUS DISTRIBUTION"
"OD-2101","CSCTICAO","CSCTICAO"
"OD-2100","SIS","SIS"
"OD-2099","S-TEL","S-TEL"
"OD-2098","ALL","ALL"
"OD-2097","VENUS DISTRIBUTION","VENUS DISTRIBUTION"
"OD-2096","FALCON","FALCON"
"OD-2095","SIS","SIS"
"OD-2094","LABOGEM","LABOGEM"
"OD-2093","KORI TRANSPORT","KORI TRANSPORT"
"OD-2092","KOFFI & DIABATE","KOFFI & DIABATE"
"OD-2091","KOFFI & DIABATE","KOFFI & DIABATE"
"OD-2090","ALL","ALL"
"OD-2089","EGBV","EGBV"
"OD-2088","KOFFI & DIABATE","KOFFI & DIABATE"
"OD-2086","IVOIRE DEVELOPPEMENT","IVOIRE DEVELOPPEMENT"
"OD-2085","ALL","ALL"
"OD-2084","SIT BTP","SIT BTP"
"OD-2083","ALL","ALL"
"OD-2082","FALCON","FALCON"
"OD-2081","OTOMASYS","OTOMASYS"
"OD-2080","ALL","ALL"
"OD-2079","LABOGEM","LABOGEM"
"OD-2078","LABOGEM","LABOGEM"
"OD-2077","ONPOINT","ONPOINT"
"OD-2076","ALL","ALL"
"OD-2075","ALL","ALL"
"OD-2074","EJARA","EJARA"
"OD-2073","TEAM SUPPORT","TEAM SUPPORT"
"OD-2071","LABOGEM","LABOGEM"
"OD-2070","KOFFI & DIABATE","KOFFI & DIABATE"
"OD-2069","LABOGEM","LABOGEM"
"OD-2068","ALL","ALL"
"OD-2067","S-TEL","S-TEL"
"OD-2066","ALL","ALL"
"OD-2065","ALL","ALL"
"OD-2064","KOFFI & DIABATE","KOFFI & DIABATE"
"OD-2063","KOFFI & DIABATE","KOFFI & DIABATE"
"OD-2062","KOFFI & DIABATE","KOFFI & DIABATE"
"OD-2061","KOFFI & DIABATE","KOFFI & DIABATE"
"OD-2060","SIS","SIS"
"OD-2059","ARIC","ARIC"
"OD-2058","ALL","ALL"
"OD-2057","KOFFI & DIABATE","KOFFI & DIABATE"
"OD-2056","KORI TRANSPORT","KORI TRANSPORT"
"OD-2055","FALCON","FALCON"
"OD-2054","VENUS DISTRIBUTION","VENUS DISTRIBUTION"
"OD-2053","SIS","SIS"
"OD-2052","SIS","SIS"
"OD-2051","S-TEL","S-TEL"
"OD-2050","ONPOINT","ONPOINT"
"OD-2049","VENUS DISTRIBUTION","VENUS DISTRIBUTION"
"OD-2048","EJARA","EJARA"
"OD-2047","SIS","SIS"
"OD-2046","ALL","ALL"
"OD-2045","KOFFI & DIABATE","KOFFI & DIABATE"
"OD-2044","KOFFI & DIABATE","KOFFI & DIABATE"
"OD-2043","ALL","ALL"
"OD-2042","2AAZ","2AAZ"
"OD-2041","ALL","ALL"
"OD-2040","KOFFI & DIABATE","KOFFI & DIABATE"
"OD-2039","ALL","ALL"
"OD-2038","KOFFI & DIABATE","KOFFI & DIABATE"
"OD-2037","KOFFI & DIABATE","KOFFI & DIABATE"
"OD-2036","S-TEL","S-TEL"
"OD-2035","SIT BTP","SIT BTP"
"OD-2034","CILAGRI","CILAGRI"
"OD-2033","VENUS DISTRIBUTION","VENUS DISTRIBUTION"
"OD-2032","CIP","CIP"
"OD-2031","CIP","CIP"
"OD-2030","SIS","SIS"
"OD-2029","ALL","ALL"
"OD-2028","KOFFI & DIABATE","KOFFI & DIABATE"
"OD-2027","KOFFI & DIABATE","KOFFI & DIABATE"
"OD-2026","ALL","ALL"
"OD-2025","ALL","ALL"
"OD-2024","EDIPRESSE","EDIPRESSE"
"OD-2022","ARIC","ARIC"
"OD-2021","SIS","SIS"
"OD-2020","ALL","ALL"
"OD-2019","ALL","ALL"
"OD-2017","KOFFI & DIABATE","KOFFI & DIABATE"
"OD-2016","KOFFI & DIABATE","KOFFI & DIABATE"
"OD-2015","KOFFI & DIABATE","KOFFI & DIABATE"
"OD-2012","ONPOINT","ONPOINT"
"OD-2011","EJARA","EJARA"
"OD-2010","JOEL K PROPERTIES","JOEL K PROPERTIES"
"OD-2009","EDIPRESSE","EDIPRESSE"
"OD-2008","S-TEL","S-TEL"
"OD-2007","CILAGRI","CILAGRI"
"OD-2006","CILAGRI","CILAGRI"
"OD-2005","CILAGRI","CILAGRI"
"OD-2004","ALL","ALL"
"OD-2003","S-TEL","S-TEL"
"OD-2002","S-TEL","S-TEL"
"OD-2001","EGBV","EGBV"
"OD-2000","SIS","SIS"
"OD-1999","ALL","ALL"
"OD-1998","EDIPRESSE","EDIPRESSE"
"OD-1997","EDIPRESSE","EDIPRESSE"
"OD-1996","CIP","CIP"
"OD-1995","LABOGEM","LABOGEM"
"OD-1993","ONPOINT","ONPOINT"
"OD-1992","ONPOINT","ONPOINT"
"OD-1991","CILAGRI","CILAGRI"
"OD-1990","ALL","ALL"
"OD-1989","ALL","ALL"
"OD-1988","SIS","SIS"
"OD-1987","EDIPRESSE","EDIPRESSE"
"OD-1986","CIP","CIP"
"OD-1985","CIP","CIP"
"OD-1984","ALL","ALL"
"OD-1983","ARIC","ARIC"
"OD-1982","ALL","ALL"
"OD-1981","ALL","ALL"
"OD-1980","ARIC","ARIC"
"OD-1978","EJARA","EJARA"
"OD-1977","CIP","CIP"
"OD-1976","SIS","SIS"
"OD-1975","SIS","SIS"
"OD-1974","ONPOINT","ONPOINT"
"OD-1973","SIS","SIS"
"OD-1972","S-TEL","S-TEL"
"OD-1971","KORI TRANSPORT","KORI TRANSPORT"
"OD-1970","KOFFI & DIABATE","KOFFI & DIABATE"
"OD-1969","SIS","SIS"
"OD-1967","ONPOINT","ONPOINT"
"OD-1966","ONPOINT","ONPOINT"
"OD-1964","ONPOINT","ONPOINT"
"OD-1963","ONPOINT","ONPOINT"
"OD-1962","ONPOINT","ONPOINT"
"OD-1960","ONPOINT","ONPOINT"
"OD-1959","ONPOINT","ONPOINT"
"OD-1958","ONPOINT","ONPOINT"
"OD-1956","ONPOINT","ONPOINT"
"OD-1955","ONPOINT","ONPOINT"
"OD-1954","ONPOINT","ONPOINT"
"OD-1953","ONPOINT","ONPOINT"
"OD-1952","ONPOINT","ONPOINT"
"OD-1951","ONPOINT","ONPOINT"
"OD-1950","ONPOINT","ONPOINT"
"OD-1949","ONPOINT","ONPOINT"
"OD-1948","ONPOINT","ONPOINT"
"OD-1947","ONPOINT","ONPOINT"
"OD-1946","CILAGRI","CILAGRI"
"OD-1945","CIP","CIP"
"OD-1944","LABOGEM","LABOGEM"
"OD-1943","LABOGEM","LABOGEM"
"OD-1942","SIS","SIS"
"OD-1941","S-TEL","S-TEL"
"OD-1940","ONPOINT","ONPOINT"
"OD-1939","EDIPRESSE","EDIPRESSE"
"OD-1938","ONPOINT","ONPOINT"
"OD-1937","ONPOINT","ONPOINT"
"OD-1936","ALL","ALL"
"OD-1935","CSCTICAO","CSCTICAO"
"OD-1934","S-TEL","S-TEL"
"OD-1933","ONPOINT","ONPOINT"
"OD-1932","CIP","CIP"
"OD-1931","ALL","ALL"
"OD-1930","ONPOINT","ONPOINT"
"OD-1929","ALL","ALL"
"OD-1928","ALL","ALL"
"OD-1927","S-TEL","S-TEL"
"OD-1926","ALL","ALL"
"OD-1925","SIS","SIS"
"OD-1924","SIS","SIS"
"OD-1923","CIP","CIP"
"OD-1922","EDIPRESSE","EDIPRESSE"
"OD-1921","CIP","CIP"
"OD-1920","CIP","CIP"
"OD-1919","LABOGEM","LABOGEM"
"OD-1918","CILAGRI","CILAGRI"
"OD-1916","KOFFI & DIABATE","KOFFI & DIABATE"
"OD-1915","KOFFI & DIABATE","KOFFI & DIABATE"
"OD-1914","CIP","CIP"
"OD-1913","ALL","ALL"
"OD-1912","CIP","CIP"
"OD-1911","CILAGRI","CILAGRI"
"OD-1910","CILAGRI","CILAGRI"
"OD-1909","CILAGRI","CILAGRI"
"OD-1908","EJARA","EJARA"
"OD-1907","CILAGRI","CILAGRI"
"OD-1906","S-TEL","S-TEL"
"OD-1905","S-TEL","S-TEL"
"OD-1904","SIS","SIS"
"OD-1900","CIP","CIP"
"OD-1899","CIP","CIP"
"OD-1898","S-TEL","S-TEL"
"OD-1897","ONPOINT","ONPOINT"
"OD-1896","ONPOINT","ONPOINT"
"OD-1895","ONPOINT","ONPOINT"
"OD-1894","ONPOINT","ONPOINT"
"OD-1893","ONPOINT","ONPOINT"
"OD-1892","ONPOINT","ONPOINT"
"OD-1891","CIP","CIP"
"OD-1890","EJARA","EJARA"
"OD-1889","CIP","CIP"
"OD-1888","CIP","CIP"
"OD-1887","LABOGEM","LABOGEM"
"OD-1886","EGBV","EGBV"
"OD-1885","ALL","ALL"
"OD-1884","CIP","CIP"
"OD-1883","EJARA","EJARA"
"OD-1882","CIP","CIP"
"OD-1881","CIP","CIP"
"OD-1880","KOFFI & DIABATE","KOFFI & DIABATE"
"OD-1879","CILAGRI","CILAGRI"
"OD-1878","EJARA","EJARA"
"OD-1877","KORI TRANSPORT","KORI TRANSPORT"
"OD-1876","ALL","ALL"
"OD-1875","S-TEL","S-TEL"
"OD-1873","CIP","CIP"
"OD-1872","KOFFI & DIABATE","KOFFI & DIABATE"
"OD-1871","CILAGRI","CILAGRI"
"OD-1870","S-TEL","S-TEL"
"OD-1869","S-TEL","S-TEL"
"OD-1868","SIS","SIS"
"OD-1867","S-TEL","S-TEL"
"OD-1866","ONPOINT","ONPOINT"
"OD-1865","ONPOINT","ONPOINT"
"OD-1864","ONPOINT","ONPOINT"
"OD-1863","ONPOINT","ONPOINT"
"OD-1862","ONPOINT","ONPOINT"
"OD-1861","ONPOINT","ONPOINT"
"OD-1860","ONPOINT","ONPOINT"
"OD-1859","ONPOINT","ONPOINT"
"OD-1858","ONPOINT","ONPOINT"
"OD-1857","ONPOINT","ONPOINT"
"OD-1856","ONPOINT","ONPOINT"
"OD-1855","ONPOINT","ONPOINT"
"OD-1854","S-TEL","S-TEL"
"OD-1853","ALL","ALL"
"OD-1852","IVOIRE DEVELOPPEMENT","IVOIRE DEVELOPPEMENT"
"OD-1851","CILAGRI","CILAGRI"
"OD-1849","ONPOINT","ONPOINT"
"OD-1848","CIP","CIP"
"OD-1847","ONPOINT","ONPOINT"
"OD-1846","ONPOINT","ONPOINT"
"OD-1845","ONPOINT","ONPOINT"
"OD-1844","ONPOINT","ONPOINT"
"OD-1843","ONPOINT","ONPOINT"
"OD-1842","ONPOINT","ONPOINT"
"OD-1841","ONPOINT","ONPOINT"
"OD-1840","S-TEL","S-TEL"
"OD-1839","SIT BTP","SIT BTP"
"OD-1838","ONPOINT","ONPOINT"
"OD-1837","IVOIRE DEVELOPPEMENT","IVOIRE DEVELOPPEMENT"
"OD-1836","IVOIRE DEVELOPPEMENT","IVOIRE DEVELOPPEMENT"
"OD-1835","IVOIRE DEVELOPPEMENT","IVOIRE DEVELOPPEMENT"
"OD-1833","ONPOINT","ONPOINT"
"OD-1829","ONPOINT","ONPOINT"
"OD-1828","ONPOINT","ONPOINT"
"OD-1826","S-TEL","S-TEL"
"OD-1825","ONPOINT","ONPOINT"
"OD-1824","ONPOINT","ONPOINT"
"OD-1823","ONPOINT","ONPOINT"
"OD-1822","ONPOINT","ONPOINT"
"OD-1821","ONPOINT","ONPOINT"
"OD-1820","ONPOINT","ONPOINT"
"OD-1819","ONPOINT","ONPOINT"
"OD-1818","KOFFI & DIABATE","KOFFI & DIABATE"
"OD-1817","LABOGEM","LABOGEM"
"OD-1816","FALCON","FALCON"
"OD-1815","KOFFI & DIABATE","KOFFI & DIABATE"
"OD-1814","IVOIRE DEVELOPPEMENT","IVOIRE DEVELOPPEMENT"
"OD-1813","IVOIRE DEVELOPPEMENT","IVOIRE DEVELOPPEMENT"
"OD-1812","IVOIRE DEVELOPPEMENT","IVOIRE DEVELOPPEMENT"
"OD-1811","IVOIRE DEVELOPPEMENT","IVOIRE DEVELOPPEMENT"
"OD-1810","IVOIRE DEVELOPPEMENT","IVOIRE DEVELOPPEMENT"
"OD-1809","S-TEL","S-TEL"
"OD-1808","ROCFED","ROCFED"
"OD-1807","VENUS DISTRIBUTION","VENUS DISTRIBUTION"
"OD-1806","S-TEL","S-TEL"
"OD-1805","CILAGRI","CILAGRI"
"OD-1804","IVOIRE DEVELOPPEMENT","IVOIRE DEVELOPPEMENT"
"OD-1803","KORI TRANSPORT","KORI TRANSPORT"
"OD-1802","SIS","SIS"
"OD-1801","ALL","ALL"
"OD-1800","IVOIRE DEVELOPPEMENT","IVOIRE DEVELOPPEMENT"
"OD-1799","ALL","ALL"
"OD-1798","ALL","ALL"
"OD-1797","FALCON","FALCON"
"OD-1796","FALCON","FALCON"
"OD-1795","FALCON","FALCON"
"OD-1794","SIS","SIS"
"OD-1793","ARIC","ARIC"
"OD-1792","ARIC","ARIC"
"OD-1791","ONPOINT","ONPOINT"
"OD-1790","CILAGRI","CILAGRI"
"OD-1789","ONPOINT","ONPOINT"
"OD-1788","VENUS DISTRIBUTION","VENUS DISTRIBUTION"
"OD-1787","ALL","ALL"
"OD-1786","FALCON","FALCON"
"OD-1785","VENUS DISTRIBUTION","VENUS DISTRIBUTION"
"OD-1784","FALCON","FALCON"
"OD-1783","SIT BTP","SIT BTP"
"OD-1782","SIT BTP","SIT BTP"
"OD-1781","ARIC","ARIC"
"OD-1780","ONPOINT","ONPOINT"
"OD-1779","SERTEM","SERTEM"
"OD-1778","CILAGRI","CILAGRI"
"OD-1777","CIP","CIP"
"OD-1776","ALL","ALL"
"OD-1775","CILAGRI","CILAGRI"
"OD-1774","EDIPRESSE","EDIPRESSE"
"OD-1773","ONPOINT","ONPOINT"
"OD-1772","EJARA","EJARA"
"OD-1771","IVOIRE DEVELOPPEMENT","IVOIRE DEVELOPPEMENT"
"OD-1770","MATRELEC","MATRELEC"
"OD-1769","IVOIRE DEVELOPPEMENT","IVOIRE DEVELOPPEMENT"
"OD-1768","IVOIRE DEVELOPPEMENT","IVOIRE DEVELOPPEMENT"
"OD-1767","ALL","ALL"
"OD-1766","SIT BTP","SIT BTP"
"OD-1765","SIT BTP","SIT BTP"
"OD-1764","ALL","ALL"
"OD-1763","ALL","ALL"
"OD-1762","ALL","ALL"
"OD-1761","LABOGEM","LABOGEM"
"OD-1760","ONPOINT","ONPOINT"
"OD-1759","ONPOINT","ONPOINT"
"OD-1758","ONPOINT","ONPOINT"
"OD-1757","ALL","ALL"
"OD-1756","EDIPRESSE","EDIPRESSE"
"OD-1755","IVOIRE DEVELOPPEMENT","IVOIRE DEVELOPPEMENT"
"OD-1754","KOFFI & DIABATE","KOFFI & DIABATE"
"OD-1753","MATRELEC","MATRELEC"
"OD-1752","MATRELEC","MATRELEC"
"OD-1751","MATRELEC","MATRELEC"
"OD-1750","MATRELEC","MATRELEC"
"OD-1749","FALCON","FALCON"
"OD-1748","S-TEL","S-TEL"
"OD-1747","SIS","SIS"
"OD-1746","KOFFI & DIABATE","KOFFI & DIABATE"
"OD-1745","KOFFI & DIABATE","KOFFI & DIABATE"
"OD-1744","ONPOINT","ONPOINT"
"OD-1743","KORI TRANSPORT","KORI TRANSPORT"
"OD-1742","KOFFI & DIABATE","KOFFI & DIABATE"
"OD-1741","KOFFI & DIABATE","KOFFI & DIABATE"
"OD-1740","FALCON","FALCON"
"OD-1739","S-TEL","S-TEL"
"OD-1738","ALL","ALL"
"OD-1737","SIS","SIS"
"OD-1736","KOFFI & DIABATE","KOFFI & DIABATE"
"OD-1734","ALL","ALL"
"OD-1733","ALL","ALL"
"OD-1732","ALL","ALL"
"OD-1731","ONPOINT","ONPOINT"
"OD-1730","KOFFI & DIABATE","KOFFI & DIABATE"
"OD-1729","KOFFI & DIABATE","KOFFI & DIABATE"
"OD-1728","ALL","ALL"
"OD-1727","SIS","SIS"
"OD-1726","SIS","SIS"
"OD-1725","SIS","SIS"
"OD-1724","S-TEL","S-TEL"
"OD-1722","S-TEL","S-TEL"
"OD-1721","S-TEL","S-TEL"
"OD-1720","ONPOINT","ONPOINT"
"OD-1719","ALL","ALL"
"OD-1718","S-TEL","S-TEL"
"OD-1717","KOFFI & DIABATE","KOFFI & DIABATE"
"OD-1716","ONPOINT","ONPOINT"
"OD-1715","ONPOINT","ONPOINT"
"OD-1714","KOFFI & DIABATE","KOFFI & DIABATE"
"OD-1713","KOFFI & DIABATE","KOFFI & DIABATE"
"OD-1712","ONPOINT","ONPOINT"
"OD-1711","ONPOINT","ONPOINT"
"OD-1710","EDIPRESSE","EDIPRESSE"
"OD-1709","SIS","SIS"
"OD-1708","SIS","SIS"
"OD-1707","EJARA","EJARA"
"OD-1706","ONPOINT","ONPOINT"
"OD-1705","ONPOINT","ONPOINT"
"OD-1704","ONPOINT","ONPOINT"
"OD-1702","ONPOINT","ONPOINT"
"OD-1701","ONPOINT","ONPOINT"
"OD-1700","ONPOINT","ONPOINT"
"OD-1699","KOFFI & DIABATE","KOFFI & DIABATE"
"OD-1698","KOFFI & DIABATE","KOFFI & DIABATE"
"OD-1697","KOFFI & DIABATE","KOFFI & DIABATE"
"OD-1696","ONPOINT","ONPOINT"
"OD-1694","KOFFI & DIABATE","KOFFI & DIABATE"
"OD-1693","KOFFI & DIABATE","KOFFI & DIABATE"
"OD-1692","KOFFI & DIABATE","KOFFI & DIABATE"
"OD-1691","KOFFI & DIABATE","KOFFI & DIABATE"
"OD-1690","S-TEL","S-TEL"
"OD-1689","KOFFI & DIABATE","KOFFI & DIABATE"
"OD-1688","S-TEL","S-TEL"
"OD-1687","S-TEL","S-TEL"
"OD-1686","S-TEL","S-TEL"
"OD-1685","S-TEL","S-TEL"
"OD-1684","S-TEL","S-TEL"
"OD-1683","S-TEL","S-TEL"
"OD-1682","S-TEL","S-TEL"
"OD-1681","S-TEL","S-TEL"
"OD-1680","LABOGEM","LABOGEM"
"OD-1679","KORI TRANSPORT","KORI TRANSPORT"
"OD-1677","SERTEM","SERTEM"
"OD-1676","S-TEL","S-TEL"
"OD-1675","FALCON","FALCON"
"OD-1674","ALL","ALL"
"OD-1673","S-TEL","S-TEL"
"OD-1672","ALL","ALL"
"OD-1671","LABOGEM","LABOGEM"
"OD-1670","LABOGEM","LABOGEM"
"OD-1669","ALL","ALL"
"OD-1668","KOFFI & DIABATE","KOFFI & DIABATE"
"OD-1667","SERTEM","SERTEM"
"OD-1666","S-TEL","S-TEL"
"OD-1664","S-TEL","S-TEL"
"OD-1663","KORI TRANSPORT","KORI TRANSPORT"
"OD-1662","ONPOINT","ONPOINT"
"OD-1661","S-TEL","S-TEL"
"OD-1660","EGBV","EGBV"
"OD-1658","KOFFI & DIABATE","KOFFI & DIABATE"
"OD-1657","KOFFI & DIABATE","KOFFI & DIABATE"
"OD-1656","KOFFI & DIABATE","KOFFI & DIABATE"
"OD-1655","EGBV","EGBV"
"OD-1653","EGBV","EGBV"
"OD-1652","KORI TRANSPORT","KORI TRANSPORT"
"OD-1651","ONPOINT","ONPOINT"
"OD-1650","KOFFI & DIABATE","KOFFI & DIABATE"
"OD-1649","KOFFI & DIABATE","KOFFI & DIABATE"
"OD-1648","KOFFI & DIABATE","KOFFI & DIABATE"
"OD-1647","KOFFI & DIABATE","KOFFI & DIABATE"
"OD-1646","KOFFI & DIABATE","KOFFI & DIABATE"
"OD-1645","KOFFI & DIABATE","KOFFI & DIABATE"
"OD-1644","S-TEL","S-TEL"
"OD-1643","EJARA","EJARA"
"OD-1642","CIP","CIP"
"OD-1641","KOFFI & DIABATE","KOFFI & DIABATE"
"OD-1640","KOFFI & DIABATE","KOFFI & DIABATE"
"OD-1639","KOFFI & DIABATE","KOFFI & DIABATE"
"OD-1638","KOFFI & DIABATE","KOFFI & DIABATE"
"OD-1637","S-TEL","S-TEL"
"OD-1636","S-TEL","S-TEL"
"OD-1635","S-TEL","S-TEL"
"OD-1634","SIS","SIS"
"OD-1633","KORI TRANSPORT","KORI TRANSPORT"
"OD-1632","ALL","ALL"
"OD-1631","VENUS DISTRIBUTION","VENUS DISTRIBUTION"
"OD-1630","KORI TRANSPORT","KORI TRANSPORT"
"OD-1629","KORI TRANSPORT","KORI TRANSPORT"
"OD-1627","ALL","ALL"
"OD-1626","ALL","ALL"
"OD-1625","KORI TRANSPORT","KORI TRANSPORT"
"OD-1624","ONPOINT","ONPOINT"
"OD-1623","FIRST CAPITAL","FIRST CAPITAL"
"OD-1622","KOFFI & DIABATE","KOFFI & DIABATE"
"OD-1621","ONPOINT","ONPOINT"
"OD-1620","KOFFI & DIABATE","KOFFI & DIABATE"
"OD-1619","KOFFI & DIABATE","KOFFI & DIABATE"
"OD-1618","ALL","ALL"
"OD-1617","ONPOINT","ONPOINT"
"OD-1616","ONPOINT","ONPOINT"
"OD-1615","EGBV","EGBV"
"OD-1614","FALCON","FALCON"
"OD-1613","KOFFI & DIABATE","KOFFI & DIABATE"
"OD-1612","KOFFI & DIABATE","KOFFI & DIABATE"
"OD-1611","SERTEM","SERTEM"
"OD-1610","ETRAKOM-CI","ETRAKOM-CI"
"OD-1609","JOEL K PROPERTIES","JOEL K PROPERTIES"
"OD-1608","SERTEM","SERTEM"
"OD-1607","ONPOINT","ONPOINT"
"OD-1606","ONPOINT","ONPOINT"
"OD-1605","KORI TRANSPORT","KORI TRANSPORT"
"OD-1604","KORI TRANSPORT","KORI TRANSPORT"
"OD-1602","KORI TRANSPORT","KORI TRANSPORT"
"OD-1601","KOFFI & DIABATE","KOFFI & DIABATE"
"OD-1600","KOFFI & DIABATE","KOFFI & DIABATE"
"OD-1599","KOFFI & DIABATE","KOFFI & DIABATE"
"OD-1598","EGBV","EGBV"
"OD-1597","EGBV","EGBV"
"OD-1596","EGBV","EGBV"
"OD-1595","EGBV","EGBV"
"OD-1594","EGBV","EGBV"
"OD-1593","KOFFI & DIABATE","KOFFI & DIABATE"
"OD-1592","KOFFI & DIABATE","KOFFI & DIABATE"
"OD-1591","SIS","SIS"
"OD-1589","KOFFI & DIABATE","KOFFI & DIABATE"
"OD-1586","KOFFI & DIABATE","KOFFI & DIABATE"
"OD-1585","KOFFI & DIABATE","KOFFI & DIABATE"
"OD-1584","KOFFI & DIABATE","KOFFI & DIABATE"
"OD-1583","ALL","ALL"
"OD-1582","ONPOINT","ONPOINT"
"OD-1581","ONPOINT","ONPOINT"
"OD-1580","ONPOINT","ONPOINT"
"OD-1579","KOFFI & DIABATE","KOFFI & DIABATE"
"OD-1578","KOFFI & DIABATE","KOFFI & DIABATE"
"OD-1577","EGBV","EGBV"
"OD-1576","KOFFI & DIABATE","KOFFI & DIABATE"
"OD-1575","SIT BTP","SIT BTP"
"OD-1574","EGBV","EGBV"
"OD-1572","KORI TRANSPORT","KORI TRANSPORT"
"OD-1571","ETRAKOM-CI","ETRAKOM-CI"
"OD-1570","ETRAKOM-CI","ETRAKOM-CI"
"OD-1569","ETRAKOM-CI","ETRAKOM-CI"
"OD-1568","ONPOINT","ONPOINT"
"OD-1567","KOFFI & DIABATE","KOFFI & DIABATE"
"OD-1566","KOFFI & DIABATE","KOFFI & DIABATE"
"OD-1565","KOFFI & DIABATE","KOFFI & DIABATE"
"OD-1564","KOFFI & DIABATE","KOFFI & DIABATE"
"OD-1563","IVOIRE DEVELOPPEMENT","IVOIRE DEVELOPPEMENT"
"OD-1561","EGBV","EGBV"
"OD-1560","EJARA","EJARA"
"OD-1559","ALL","ALL"
"OD-1558","EGBV","EGBV"
"OD-1557","KORI TRANSPORT","KORI TRANSPORT"
"OD-1556","ONPOINT","ONPOINT"
"OD-1555","ONPOINT","ONPOINT"
"OD-1554","KOFFI & DIABATE","KOFFI & DIABATE"
"OD-1553","KOFFI & DIABATE","KOFFI & DIABATE"
"OD-1552","KOFFI & DIABATE","KOFFI & DIABATE"
"OD-1551","KOFFI & DIABATE","KOFFI & DIABATE"
"OD-1550","CILAGRI","CILAGRI"
"OD-1549","KOFFI & DIABATE","KOFFI & DIABATE"
"OD-1548","KOFFI & DIABATE","KOFFI & DIABATE"
"OD-1547","KOFFI & DIABATE","KOFFI & DIABATE"
"OD-1546","KOFFI & DIABATE","KOFFI & DIABATE"
"OD-1545","ONPOINT","ONPOINT"
"OD-1544","ONPOINT","ONPOINT"
"OD-1543","KORI TRANSPORT","KORI TRANSPORT"
"OD-1542","SERTEM","SERTEM"
"OD-1540","KOFFI & DIABATE","KOFFI & DIABATE"
"OD-1539","ONPOINT","ONPOINT"
"OD-1538","JOEL K PROPERTIES","JOEL K PROPERTIES"
"OD-1537","IPT","IPT"
"OD-1536","KOFFI & DIABATE","KOFFI & DIABATE"
"OD-1535","KOFFI & DIABATE","KOFFI & DIABATE"
"OD-1534","KOFFI & DIABATE","KOFFI & DIABATE"
"OD-1533","KOFFI & DIABATE","KOFFI & DIABATE"
"OD-1532","EGBV","EGBV"
"OD-1531","FALCON","FALCON"
"OD-1530","ONPOINT","ONPOINT"
"OD-1529","S-TEL","S-TEL"
"OD-1528","S-TEL","S-TEL"
"OD-1527","KOFFI & DIABATE","KOFFI & DIABATE"
"OD-1526","S-TEL","S-TEL"
"OD-1525","ALL","ALL"
"OD-1523","KOFFI & DIABATE","KOFFI & DIABATE"
"OD-1522","KOFFI & DIABATE","KOFFI & DIABATE"
"OD-1521","ALL","ALL"
"OD-1519","KOFFI & DIABATE","KOFFI & DIABATE"
"OD-1518","KOFFI & DIABATE","KOFFI & DIABATE"
"OD-1517","ALL","ALL"
"OD-1516","LABOGEM","LABOGEM"
"OD-1515","ONPOINT","ONPOINT"
"OD-1514","SIS","SIS"
"OD-1513","ONPOINT","ONPOINT"
"OD-1512","SIS","SIS"
"OD-1511","ETRAKOM-CI","ETRAKOM-CI"
"OD-1510","JOEL K PROPERTIES","JOEL K PROPERTIES"
"OD-1509","JOEL K PROPERTIES","JOEL K PROPERTIES"
"OD-1508","S-TEL","S-TEL"
"OD-1507","FALCON","FALCON"
"OD-1506","S-TEL","S-TEL"
"OD-1505","KOFFI & DIABATE","KOFFI & DIABATE"
"OD-1504","KOFFI & DIABATE","KOFFI & DIABATE"
"OD-1503","KOFFI & DIABATE","KOFFI & DIABATE"
"OD-1502","LABOGEM","LABOGEM"
"OD-1500","KOFFI & DIABATE","KOFFI & DIABATE"
"OD-1499","KOFFI & DIABATE","KOFFI & DIABATE"
"OD-1498","KOFFI & DIABATE","KOFFI & DIABATE"
"OD-1497","KOFFI & DIABATE","KOFFI & DIABATE"
"OD-1496","KOFFI & DIABATE","KOFFI & DIABATE"
"OD-1493","KOFFI & DIABATE","KOFFI & DIABATE"
"OD-1492","KOFFI & DIABATE","KOFFI & DIABATE"
"OD-1491","ONPOINT","ONPOINT"
"OD-1490","SIS","SIS"
"OD-1489","ONPOINT","ONPOINT"
"OD-1488","ONPOINT","ONPOINT"
"OD-1487","ONPOINT","ONPOINT"
"OD-1486","IPT","IPT"
"OD-1485","IPT","IPT"
"OD-1484","IPT","IPT"
"OD-1481","KORI TRANSPORT","KORI TRANSPORT"
"OD-1480","JOEL K PROPERTIES","JOEL K PROPERTIES"
"OD-1479","EJARA","EJARA"
"OD-1478","CHURN/TEST","CHURN/TEST"
"OD-1476","KOFFI & DIABATE","KOFFI & DIABATE"
"OD-1474","KOFFI & DIABATE","KOFFI & DIABATE"
"OD-1473","KOFFI & DIABATE","KOFFI & DIABATE"
"OD-1472","KOFFI & DIABATE","KOFFI & DIABATE"
"OD-1471","KOFFI & DIABATE","KOFFI & DIABATE"
"OD-1470","KOFFI & DIABATE","KOFFI & DIABATE"
"OD-1468","KOFFI & DIABATE","KOFFI & DIABATE"
"OD-1467","KOFFI & DIABATE","KOFFI & DIABATE"
"OD-1466","KOFFI & DIABATE","KOFFI & DIABATE"
"OD-1465","KOFFI & DIABATE","KOFFI & DIABATE"
"OD-1464","KOFFI & DIABATE","KOFFI & DIABATE"
"OD-1463","FALCON","FALCON"
"OD-1462","KOFFI & DIABATE","KOFFI & DIABATE"
"OD-1461","KORI TRANSPORT","KORI TRANSPORT"
"OD-1460","FALCON","FALCON"
"OD-1459","ALL","ALL"
"OD-1458","SIS","SIS"
"OD-1456","ONPOINT","ONPOINT"
"OD-1455","SIS","SIS"
"OD-1454","SIS","SIS"
"OD-1453","LABOGEM","LABOGEM"
"OD-1452","KOFFI & DIABATE","KOFFI & DIABATE"
"OD-1451","KOFFI & DIABATE","KOFFI & DIABATE"
"OD-1450","KOFFI & DIABATE","KOFFI & DIABATE"
"OD-1449","ALL","ALL"
"OD-1448","IVOIRE DEVELOPPEMENT","IVOIRE DEVELOPPEMENT"
"OD-1447","SIS","SIS"
"OD-1446","KOFFI & DIABATE","KOFFI & DIABATE"
"OD-1445","KOFFI & DIABATE","KOFFI & DIABATE"
"OD-1444","S-TEL","S-TEL"
"OD-1443","S-TEL","S-TEL"
"OD-1442","S-TEL","S-TEL"
"OD-1441","KOFFI & DIABATE","KOFFI & DIABATE"
"OD-1440","SIS","SIS"
"OD-1439","SIS","SIS"
"OD-1438","ETRAKOM-CI","ETRAKOM-CI"
"OD-1437","KOFFI & DIABATE","KOFFI & DIABATE"
"OD-1435","FALCON","FALCON"
"OD-1434","FALCON","FALCON"
"OD-1433","ONPOINT","ONPOINT"
"OD-1432","KOFFI & DIABATE","KOFFI & DIABATE"
"OD-1430","SIT BTP","SIT BTP"
"OD-1428","KOFFI & DIABATE","KOFFI & DIABATE"
"OD-1425","ALL","ALL"
"OD-1424","ALL","ALL"
"OD-1423","KOFFI & DIABATE","KOFFI & DIABATE"
"OD-1422","ALL","ALL"
"OD-1421","ALL","ALL"
"OD-1420","ALL","ALL"
"OD-1419","KOFFI & DIABATE","KOFFI & DIABATE"
"OD-1414","JOEL K PROPERTIES","JOEL K PROPERTIES"
"OD-1410","ONPOINT","ONPOINT"
"OD-1403","ONPOINT","ONPOINT"
"OD-1398","ONPOINT","ONPOINT"
"OD-1392","ALL","ALL"
"OD-1383","KORI TRANSPORT","KORI TRANSPORT"
"OD-1381","ALL","ALL"
"OD-1372","FALCON","FALCON"
"OD-1366","ONPOINT","ONPOINT"
"OD-1363","S-TEL","S-TEL"
"OD-1362","ONPOINT","ONPOINT"
"OD-1361","SERTEM","SERTEM"
"OD-1359","CILAGRI","CILAGRI"
"OD-1358","CILAGRI","CILAGRI"
"OD-1354","KORI TRANSPORT","KORI TRANSPORT"
"OD-1349","EGBV","EGBV"
"OD-1343","CILAGRI","CILAGRI"
"OD-1337","ONPOINT","ONPOINT"
"OD-1335","CILAGRI","CILAGRI"
"OD-1332","CILAGRI","CILAGRI"
"OD-1331","CILAGRI","CILAGRI"
"OD-1330","CILAGRI","CILAGRI"
"OD-1329","CILAGRI","CILAGRI"
"OD-1328","CILAGRI","CILAGRI"
"OD-1327","KORI TRANSPORT","KORI TRANSPORT"
"OD-1325","FIRST CAPITAL","FIRST CAPITAL"
"OD-1319","ALL","ALL"
"OD-1314","ONPOINT","ONPOINT"
"OD-1308","IVOIRE DEVELOPPEMENT","IVOIRE DEVELOPPEMENT"
"OD-1305","SIS","SIS"
"OD-1302","ALL","ALL"
"OD-1292","EDIPRESSE","EDIPRESSE"
"OD-1278","ALL","ALL"
"OD-1277","IVOIRE DEVELOPPEMENT","IVOIRE DEVELOPPEMENT"
"OD-1274","SIS","SIS"
"OD-1261","ALL","ALL"
"OD-1259","IVOIRE DEVELOPPEMENT","IVOIRE DEVELOPPEMENT"
"OD-1249","ETRAKOM-CI","ETRAKOM-CI"
"OD-1238","SERTEM","SERTEM"
"OD-1237","KORI TRANSPORT","KORI TRANSPORT"
"OD-1233","EGBV","EGBV"
"OD-1231","FALCON","FALCON"
"OD-1221","ETRAKOM-CI","ETRAKOM-CI"
"OD-1219","ETRAKOM-CI","ETRAKOM-CI"
"OD-1214","JOEL K PROPERTIES","JOEL K PROPERTIES"
"OD-1209","SERTEM","SERTEM"
"OD-1202","ETRAKOM-CI","ETRAKOM-CI"
"OD-1200","KORI TRANSPORT","KORI TRANSPORT"
"OD-1196","ETRAKOM-CI","ETRAKOM-CI"
"OD-1193","S-TEL","S-TEL"
"OD-1175","FIRST CAPITAL","FIRST CAPITAL"
"OD-1172","ETRAKOM-CI","ETRAKOM-CI"
"OD-1166","ALL","ALL"
"OD-1164","SIS","SIS"
"OD-1148","ONPOINT","ONPOINT"
"OD-1147","ETRAKOM-CI","ETRAKOM-CI"
"OD-1146","MATRELEC","MATRELEC"
"OD-1145","ETRAKOM-CI","ETRAKOM-CI"
"OD-1144","ETRAKOM-CI","ETRAKOM-CI"
"OD-904","SERTEM","SERTEM"
"OD-903","SERTEM","SERTEM"
"OD-902","SERTEM","SERTEM"
"OD-900","SERTEM","SERTEM"
"OD-898","SERTEM","SERTEM"
"OD-897","FALCON","FALCON"
"OD-895","ALL","ALL"
"OD-894","CIP","CIP"
"OD-891","EJARA","EJARA"
"OD-890","ONPOINT","ONPOINT"
"OD-889","ONPOINT","ONPOINT"
"OD-885","ONPOINT","ONPOINT"
"OD-883","KORI TRANSPORT","KORI TRANSPORT"
"OD-880","FALCON","FALCON"
"OD-878","LABOGEM","LABOGEM"
"OD-875","ONPOINT","ONPOINT"
"OD-874","IPT","IPT"
"OD-873","ETRAKOM-CI","ETRAKOM-CI"
"OD-872","ETRAKOM-CI","ETRAKOM-CI"
"OD-870","SIS","SIS"
"OD-869","IVOIRE DEVELOPPEMENT","IVOIRE DEVELOPPEMENT"
"OD-868","S-TEL","S-TEL"
"OD-867","ENVAL LABORATOIRE","ENVAL LABORATOIRE"
"OD-866","SIS","SIS"
"OD-865","ENVAL LABORATOIRE","ENVAL LABORATOIRE"
"OD-864","KORI TRANSPORT","KORI TRANSPORT"
"OD-863","KORI TRANSPORT","KORI TRANSPORT"
"OD-862","LABOGEM","LABOGEM"
"OD-861","ALL","ALL"
"OD-860","S-TEL","S-TEL"
"OD-859","ROADMAP","ROADMAP"
"OD-858","SIS","SIS"
"OD-857","ALL","ALL"
"OD-856","ALL","ALL"
"OD-854","ALL","ALL"
"OD-853","ALL","ALL"
"OD-852","ALL","ALL"
"OD-851","S-TEL","S-TEL"
"OD-850","ALL","ALL"
"OD-849","S-TEL","S-TEL"
"OD-848","SIS","SIS"
"OD-847","S-TEL","S-TEL"
"OD-845","S-TEL","S-TEL"
"OD-844","JOEL K PROPERTIES","JOEL K PROPERTIES"
"OD-841","SIS","SIS"
"OD-839","SIS","SIS"
"OD-838","SIS","SIS"
"OD-837","ETRAKOM-CI","ETRAKOM-CI"
"OD-836","S-TEL","S-TEL"
"OD-835","S-TEL","S-TEL"
"OD-834","KORI TRANSPORT","KORI TRANSPORT"
"OD-833","LABOGEM","LABOGEM"
"OD-832","SIS","SIS"
"OD-831","S-TEL","S-TEL"
"OD-830","KORI TRANSPORT","KORI TRANSPORT"
"OD-828","ONPOINT","ONPOINT"
"OD-827","ONPOINT","ONPOINT"
"OD-826","ONPOINT","ONPOINT"
"OD-825","JOEL K PROPERTIES","JOEL K PROPERTIES"
"OD-824","KORI TRANSPORT","KORI TRANSPORT"
"OD-823","KORI TRANSPORT","KORI TRANSPORT"
"OD-822","ONPOINT","ONPOINT"
"OD-821","SIS","SIS"
"OD-820","S-TEL","S-TEL"
"OD-819","JOEL K PROPERTIES","JOEL K PROPERTIES"
"OD-818","ONPOINT","ONPOINT"
"OD-817","JOEL K PROPERTIES","JOEL K PROPERTIES"
"OD-816","KORI TRANSPORT","KORI TRANSPORT"
"OD-814","ETRAKOM-CI","ETRAKOM-CI"
"OD-813","HC CAPITAL PROPERTIES","HC CAPITAL PROPERTIES"
"OD-812","MATRELEC","MATRELEC"
"OD-811","S-TEL","S-TEL"
"OD-809","IPT","IPT"
"OD-808","FALCON","FALCON"
"OD-807","ONPOINT","ONPOINT"
"OD-805","FALCON","FALCON"
"OD-803","SIS","SIS"
"OD-802","SIS","SIS"
"OD-801","ONPOINT","ONPOINT"
"OD-800","ONPOINT","ONPOINT"
"OD-799","VENUS DISTRIBUTION","VENUS DISTRIBUTION"
"OD-798","FALCON","FALCON"
"OD-797","S-TEL","S-TEL"
"OD-796","FALCON","FALCON"
"OD-795","KORI TRANSPORT","KORI TRANSPORT"
"OD-794","KORI TRANSPORT","KORI TRANSPORT"
"OD-793","AFRIC URBA","AFRIC URBA"
"OD-792","S-TEL","S-TEL"
"OD-791","KORI TRANSPORT","KORI TRANSPORT"
"OD-790","S-TEL","S-TEL"
"OD-789","ONPOINT","ONPOINT"
"OD-788","FALCON","FALCON"
"OD-786","ONPOINT","ONPOINT"
"OD-785","FALCON","FALCON"
"OD-784","FALCON","FALCON"
"OD-783","ONPOINT","ONPOINT"
"OD-782","ONPOINT","ONPOINT"
"OD-779","FALCON","FALCON"
"OD-778","SERTEM","SERTEM"
"OD-775","S-TEL","S-TEL"
"OD-774","S-TEL","S-TEL"
"OD-773","S-TEL","S-TEL"
"OD-772","KORI TRANSPORT","KORI TRANSPORT"
"OD-770","ETRAKOM-CI","ETRAKOM-CI"
"OD-769","LABOGEM","LABOGEM"
"OD-768","ONPOINT","ONPOINT"
"OD-767","S-TEL","S-TEL"
"OD-766","ONPOINT","ONPOINT"
"OD-765","FALCON","FALCON"
"OD-764","FALCON","FALCON"
"OD-763","ETRAKOM-CI","ETRAKOM-CI"
"OD-762","FALCON","FALCON"
"OD-761","FALCON","FALCON"
"OD-760","SERTEM","SERTEM"
"OD-757","KORI TRANSPORT","KORI TRANSPORT"
"OD-754","ALL","ALL"
"OD-753","ALL","ALL"
"OD-751","LABOGEM","LABOGEM"
"OD-735","LABOGEM","LABOGEM"
"OD-732","ALL","ALL"
"OD-731","ALL","ALL"
"OD-730","ALL","ALL"
"OD-729","ALL","ALL"
"OD-728","ALL","ALL"
"OD-727","ALL","ALL"
"OD-726","ALL","ALL"
"OD-725","ALL","ALL"
"OD-724","ALL","ALL"
"OD-723","ALL","ALL"
"OD-722","ALL","ALL"
"OD-721","ALL","ALL"
"OD-720","ALL","ALL"
"OD-719","ALL","ALL"
"OD-718","ALL","ALL"
"OD-717","ALL","ALL"
"OD-715","ALL","ALL"
"OD-714","ALL","ALL"
"OD-713","ALL","ALL"
"OD-712","ALL","ALL"
"OD-711","ALL","ALL"
"OD-710","ALL","ALL"
"OD-709","ALL","ALL"
"OD-708","ALL","ALL"
"OD-707","ALL","ALL"
"OD-706","ALL","ALL"
"OD-705","ALL","ALL"
"OD-704","ALL","ALL"
"OD-703","ALL","ALL"
"OD-702","ALL","ALL"
"OD-701","ALL","ALL"
"OD-697","ALL","ALL"
"OD-695","HC CAPITAL PROPERTIES","HC CAPITAL PROPERTIES"
"OD-694","ALL","ALL"
"OD-693","ALL","ALL"
"OD-671","S-TEL","S-TEL"
"OD-670","S-TEL","S-TEL"
"OD-669","SERTEM","SERTEM"
"OD-668","ONPOINT","ONPOINT"
"OD-667","KORI TRANSPORT","KORI TRANSPORT"
"OD-666","IPT","IPT"
"OD-665","ARIC","ARIC"
"OD-664","ALL","ALL"
"OD-663","ROADMAP","ROADMAP"
"OD-662","TEAM SUPPORT","TEAM SUPPORT"
"OD-661","TEAM SUPPORT","TEAM SUPPORT"
"OD-660","TEAM SUPPORT","TEAM SUPPORT"
"OD-659","KORI TRANSPORT","KORI TRANSPORT"
"OD-658","CILAGRI","CILAGRI"
"OD-656","ROADMAP","ROADMAP"
"OD-655","ROADMAP","ROADMAP"
"OD-654","ROADMAP","ROADMAP"
"OD-653","ROADMAP","ROADMAP"
"OD-652","ROADMAP","ROADMAP"
"OD-651","ROADMAP","ROADMAP"
"OD-650","ROADMAP","ROADMAP"
"OD-649","ROADMAP","ROADMAP"
"OD-648","ROADMAP","ROADMAP"
"OD-647","ROADMAP","ROADMAP"
"OD-646","ROADMAP","ROADMAP"
"OD-645","ROADMAP","ROADMAP"
"OD-644","ROADMAP","ROADMAP"
"OD-643","ALL","ALL"
"OD-641","ROADMAP","ROADMAP"
"OD-640","ROADMAP","ROADMAP"
"OD-639","ROADMAP","ROADMAP"
"OD-638","ROADMAP","ROADMAP"
"OD-637","TEAM SUPPORT","TEAM SUPPORT"
"OD-636","TEAM SUPPORT","TEAM SUPPORT"
"OD-635","TEAM SUPPORT","TEAM SUPPORT"
"OD-634","TEAM SUPPORT","TEAM SUPPORT"
"OD-633","TEAM SUPPORT","TEAM SUPPORT"
"OD-632","TEAM SUPPORT","TEAM SUPPORT"
"OD-631","TEAM SUPPORT","TEAM SUPPORT"
"OD-630","TEAM SUPPORT","TEAM SUPPORT"
"OD-629","TEAM SUPPORT","TEAM SUPPORT"
"OD-628","TEAM SUPPORT","TEAM SUPPORT"
"OD-627","EGBV","EGBV"
"OD-626","S-TEL","S-TEL"
"OD-625","S-TEL","S-TEL"
"OD-624","S-TEL","S-TEL"
"OD-623","S-TEL","S-TEL"
"OD-620","S-TEL","S-TEL"
"OD-618","S-TEL","S-TEL"
"OD-617","S-TEL","S-TEL"
"OD-616","S-TEL","S-TEL"
"OD-615","S-TEL","S-TEL"
"OD-614","S-TEL","S-TEL"
"OD-613","S-TEL","S-TEL"
"OD-612","S-TEL","S-TEL"
"OD-611","S-TEL","S-TEL"
"OD-610","S-TEL","S-TEL"
"OD-609","S-TEL","S-TEL"
"OD-608","S-TEL","S-TEL"
"OD-607","S-TEL","S-TEL"
"OD-606","S-TEL","S-TEL"
"OD-605","S-TEL","S-TEL"
"OD-604","S-TEL","S-TEL"
"OD-603","S-TEL","S-TEL"
"OD-601","S-TEL","S-TEL"
"OD-600","S-TEL","S-TEL"
"OD-599","S-TEL","S-TEL"
"OD-598","S-TEL","S-TEL"
"OD-597","S-TEL","S-TEL"
"OD-596","S-TEL","S-TEL"
"OD-595","S-TEL","S-TEL"
"OD-594","S-TEL","S-TEL"
"OD-593","S-TEL","S-TEL"
"OD-591","S-TEL","S-TEL"
"OD-590","S-TEL","S-TEL"
"OD-589","SIS","SIS"
"OD-588","SIS","SIS"
"OD-587","SIS","SIS"
"OD-586","SIS","SIS"
"OD-585","SIS","SIS"
"OD-583","SIS","SIS"
"OD-582","SIS","SIS"
"OD-581","SIS","SIS"
"OD-580","SERTEM","SERTEM"
"OD-579","SERTEM","SERTEM"
"OD-578","ROCFED","ROCFED"
"OD-577","ROADMAP","ROADMAP"
"OD-576","ROADMAP","ROADMAP"
"OD-573","ROADMAP","ROADMAP"
"OD-572","ROADMAP","ROADMAP"
"OD-571","ROADMAP","ROADMAP"
"OD-570","ROADMAP","ROADMAP"
"OD-569","ROADMAP","ROADMAP"
"OD-568","ROADMAP","ROADMAP"
"OD-567","ROADMAP","ROADMAP"
"OD-566","ROADMAP","ROADMAP"
"OD-565","ROADMAP","ROADMAP"
"OD-564","ROADMAP","ROADMAP"
"OD-563","ROADMAP","ROADMAP"
"OD-562","ROADMAP","ROADMAP"
"OD-561","ROADMAP","ROADMAP"
"OD-560","ROADMAP","ROADMAP"
"OD-559","ROADMAP","ROADMAP"
"OD-558","ROADMAP","ROADMAP"
"OD-557","ROADMAP","ROADMAP"
"OD-556","ROADMAP","ROADMAP"
"OD-555","ROADMAP","ROADMAP"
"OD-554","ROADMAP","ROADMAP"
"OD-553","ROADMAP","ROADMAP"
"OD-552","ROADMAP","ROADMAP"
"OD-551","ROADMAP","ROADMAP"
"OD-550","ROADMAP","ROADMAP"
"OD-549","ROADMAP","ROADMAP"
"OD-548","ROADMAP","ROADMAP"
"OD-547","ROADMAP","ROADMAP"
"OD-546","ROADMAP","ROADMAP"
"OD-545","PROPERTY KRO","PROPERTY KRO"
"OD-544","PROPERTY KRO","PROPERTY KRO"
"OD-543","ONPOINT","ONPOINT"
"OD-542","ONPOINT","ONPOINT"
"OD-540","ONPOINT","ONPOINT"
"OD-539","ONPOINT","ONPOINT"
"OD-538","ONPOINT","ONPOINT"
"OD-537","ONPOINT","ONPOINT"
"OD-536","ALL","ALL"
"OD-535","ONPOINT","ONPOINT"
"OD-534","ONPOINT","ONPOINT"
"OD-533","ONPOINT","ONPOINT"
"OD-532","ONPOINT","ONPOINT"
"OD-531","ONPOINT","ONPOINT"
"OD-530","ONPOINT","ONPOINT"
"OD-529","ONPOINT","ONPOINT"
"OD-528","ONPOINT","ONPOINT"
"OD-527","NOAH","NOAH"
"OD-526","MYKA","MYKA"
"OD-525","MATRELEC","MATRELEC"
"OD-524","MATRELEC","MATRELEC"
"OD-523","MATRELEC","MATRELEC"
"OD-522","MATRELEC","MATRELEC"
"OD-521","MATRELEC","MATRELEC"
"OD-520","LABOGEM","LABOGEM"
"OD-519","LABOGEM","LABOGEM"
"OD-518","LABOGEM","LABOGEM"
"OD-517","KORI TRANSPORT","KORI TRANSPORT"
"OD-516","KORI TRANSPORT","KORI TRANSPORT"
"OD-515","KORI TRANSPORT","KORI TRANSPORT"
"OD-514","KORI TRANSPORT","KORI TRANSPORT"
"OD-512","KORI TRANSPORT","KORI TRANSPORT"
"OD-511","KORI TRANSPORT","KORI TRANSPORT"
"OD-510","KORI TRANSPORT","KORI TRANSPORT"
"OD-509","KORI TRANSPORT","KORI TRANSPORT"
"OD-508","KORI TRANSPORT","KORI TRANSPORT"
"OD-507","KORI TRANSPORT","KORI TRANSPORT"
"OD-506","KORI TRANSPORT","KORI TRANSPORT"
"OD-505","KORI TRANSPORT","KORI TRANSPORT"
"OD-504","KORI TRANSPORT","KORI TRANSPORT"
"OD-503","JOEL K PERFORMANCE","JOEL K PERFORMANCE"
"OD-502","JOEL K PERFORMANCE","JOEL K PERFORMANCE"
"OD-501","IVOIRE DEVELOPPEMENT","IVOIRE DEVELOPPEMENT"
"OD-500","IVOIRE DEVELOPPEMENT","IVOIRE DEVELOPPEMENT"
"OD-499","IVOIRE DEVELOPPEMENT","IVOIRE DEVELOPPEMENT"
"OD-498","IVOIRE DEVELOPPEMENT","IVOIRE DEVELOPPEMENT"
"OD-497","IVOIRE DEVELOPPEMENT","IVOIRE DEVELOPPEMENT"
"OD-496","IPT","IPT"
"OD-495","HC CAPITAL PROPERTIES","HC CAPITAL PROPERTIES"
"OD-494","FIRST CAPITAL","FIRST CAPITAL"
"OD-493","FIRST CAPITAL","FIRST CAPITAL"
"OD-492","FALCON","FALCON"
"OD-491","FALCON","FALCON"
"OD-490","FALCON","FALCON"
"OD-489","FALCON","FALCON"
"OD-488","FALCON","FALCON"
"OD-487","FALCON","FALCON"
"OD-486","ETRAKOM-CI","ETRAKOM-CI"
"OD-485","ETRAKOM-CI","ETRAKOM-CI"
"OD-484","ETRAKOM-CI","ETRAKOM-CI"
"OD-483","ETRAKOM-CI","ETRAKOM-CI"
"OD-482","ETRAKOM-CI","ETRAKOM-CI"
"OD-481","ENVAL LABORATOIRE","ENVAL LABORATOIRE"
"OD-480","ENVAL LABORATOIRE","ENVAL LABORATOIRE"
"OD-479","ENVAL LABORATOIRE","ENVAL LABORATOIRE"
"OD-477","ELIO GROUP","ELIO GROUP"
"OD-476","ELIO GROUP","ELIO GROUP"
"OD-474","EJARA","EJARA"
"OD-473","EJARA","EJARA"
"OD-472","EJARA","EJARA"
"OD-471","EJARA","EJARA"
"OD-470","EJARA","EJARA"
"OD-469","EJARA","EJARA"
"OD-468","EJARA","EJARA"
"OD-467","EGBV","EGBV"
"OD-466","EGBV","EGBV"
"OD-465","EGBV","EGBV"
"OD-464","EGBV","EGBV"
"OD-463","EGBV","EGBV"
"OD-462","EGBV","EGBV"
"OD-461","EDIPRESSE","EDIPRESSE"
"OD-460","CILAGRI","CILAGRI"
"OD-459","CILAGRI","CILAGRI"
"OD-458","CILAGRI","CILAGRI"
"OD-457","ARIC","ARIC"
"OD-456","ARIC","ARIC"
"OD-455","ARIC","ARIC"
"OD-454","ARIC","ARIC"
"OD-453","ARIC","ARIC"
"OD-452","ARIC","ARIC"
"OD-451","ARIC","ARIC"
"OD-450","ALL","ALL"
"OD-449","ALL","ALL"
"OD-448","ALL","ALL"
"OD-447","ALL","ALL"
"OD-446","ALL","ALL"
"OD-445","ALL","ALL"
"OD-444","ALL","ALL"
"OD-443","ALL","ALL"
"OD-442","ALL","ALL"