OD_KEY,MODULE_NORMALIZED,MODULE_RAW
OD-2657,Paramétrage admin,"Paramétrage admin"
OD-2653,Paramétrage admin,"Paramétrage admin"
OD-2595,Paramétrage admin,"Paramétrage admin"
OD-2547,Paramétrage admin,"Paramétrage admin"
OD-2546,Paramétrage admin,"Paramétrage admin"
OD-2541,Paramétrage admin,"Paramétrage admin"
OD-2527,Paramétrage admin,"Paramétrage admin"
OD-2522,Paramétrage admin,"Paramétrage admin"
OD-2521,Paramétrage admin,"Paramétrage admin"
OD-2496,Paramétrage admin,"Paramétrage admin"
OD-2440,Paramétrage admin,"Paramétrage admin"
OD-2414,Global,"Global"
OD-2353,Paramétrage admin,"Paramétrage admin"
OD-2352,Paramétrage admin,"Paramétrage admin"
OD-2334,Paramétrage admin,"Paramétrage admin"
OD-2319,Global,"Global"
OD-2315,Paramétrage admin,"Paramétrage admin"
OD-2249,Rh,"RH"
OD-2245,Finance,"Finance"
OD-2241,Paramétrage admin,"Paramétrage admin"
OD-2240,Paramétrage admin,"Paramétrage admin"
OD-2204,Paramétrage admin,"Paramétrage admin"
OD-2193,Paramétrage admin,"Paramétrage admin"
OD-2161,Paramétrage admin,"Paramétrage admin"
OD-2150,Paramétrage admin,"Paramétrage admin"
OD-2146,Paramétrage admin,"Paramétrage admin"
OD-2144,Paramétrage admin,"Paramétrage admin"
OD-2112,Paramétrage admin,"Paramétrage admin"
OD-2100,Paramétrage admin,"Paramétrage admin"
OD-2097,Global,"Global"
OD-2089,Global,"Global"
OD-2046,Paramétrage admin,"Paramétrage admin"
OD-2043,Global,"Global"
OD-2026,Paramétrage admin,"Paramétrage admin"
OD-2025,Paramétrage admin,"Paramétrage admin"
OD-1990,Rh,"RH"
OD-1989,Paramétrage admin,"Paramétrage admin"
OD-1984,Paramétrage admin,"Paramétrage admin"
OD-1982,Global,"Global"
OD-1981,Global,"Global"
OD-1974,Global,"Global"
OD-1972,Paramétrage admin,"Paramétrage admin"
OD-1941,Opérations,"Opérations"
OD-1937,Global,"Global"
OD-1867,Global,"Global"
OD-1799,Rh,"RH"
OD-1798,Rh,"RH"
OD-1776,Opérations,"Opérations"
OD-1746,Paramétrage admin,"Paramétrage admin"
OD-1745,Paramétrage admin,"Paramétrage admin"
OD-1715,Paramétrage admin,"Paramétrage admin"
OD-1694,Paramétrage admin,"Paramétrage admin"
OD-1674,Paramétrage admin,"Paramétrage admin"
OD-1567,Paramétrage admin,"Paramétrage admin"
OD-1547,Paramétrage admin,"Paramétrage admin"
OD-1492,Opérations,"Opérations"
OD-1491,Projets,"Projets"
OD-1490,Finance,"Finance"
OD-1489,Rh,"RH"
OD-1488,Crm,"CRM"
OD-1486,Opérations,"Opérations"
OD-1485,Opérations,"Opérations"
OD-1484,Opérations,"Opérations"
OD-1481,Rh,"RH"
OD-1480,Paramétrage admin,"Paramétrage admin"
OD-1479,Global,"Global"
OD-1478,Rh,"RH"
OD-1476,Projets,"Projets"
OD-1474,Projets,"Projets"
OD-1473,Projets,"Projets"
OD-1472,Projets,"Projets"
OD-1471,Opérations,"Opérations"
OD-1470,Rh,"RH"
OD-1468,Paiement,"Paiement"
OD-1467,Paiement,"Paiement"
OD-1466,Global,"Global"
OD-1465,Projets,"Projets"
OD-1464,Finance,"Finance"
OD-1463,Global,"Global"
OD-1462,Global,"Global"
OD-1461,Finance,"Finance"
OD-1460,Rh,"RH"
OD-1459,Crm,"CRM"
OD-1456,Paramétrage admin,"Paramétrage admin"
OD-1455,Opérations,"Opérations"
OD-1454,Projets,"Projets"
OD-1453,Opérations,"Opérations"
OD-1452,Crm,"CRM"
OD-1451,Rh,"RH"
OD-1450,Rh,"RH"
OD-1449,Projets,"Projets"
OD-1448,Rh,"RH"
OD-1447,Projets,"Projets"
OD-1446,Rh,"RH"
OD-1445,Rh,"RH"
OD-1444,Opérations,"Opérations"
OD-1443,Rh,"RH"
OD-1442,Rh,"RH"
OD-1441,Opérations,"Opérations"
OD-1440,Opérations,"Opérations"
OD-1439,Rh,"RH"
OD-1438,Rh,"RH"
OD-1436,Rh,"RH"
OD-1435,Finance,"Finance"
OD-1432,Rh,"RH"
OD-1431,Rh,"RH"
OD-1430,Projets,"Projets"
OD-1429,Global,"Global"
OD-1428,Crm,"CRM"
OD-1425,Crm,"CRM"
OD-1424,Opérations,"Opérations"
OD-1423,Opérations,"Opérations"
OD-1422,Opérations,"Opérations"
OD-1421,Opérations,"Opérations"
OD-1420,Crm,"CRM"
OD-1419,Crm,"CRM"
OD-1417,Projets,"Projets"
OD-1416,Global,"Global"
OD-1415,Global,"Global"
OD-1414,Paramétrage admin,"Paramétrage admin"
OD-1413,Rh,"RH"
OD-1412,Opérations,"Opérations"
OD-1411,Global,"Global"
OD-1410,Opérations,"Opérations"
OD-1409,Global,"Global"
OD-1408,Opérations,"Opérations"
OD-1407,Rh,"RH"
OD-1406,Rh,"RH"
OD-1405,Finance,"Finance"
OD-1404,Crm,"CRM"
OD-1403,Opérations,"Opérations"
OD-1402,Projets,"Projets"
OD-1401,Projets,"Projets"
OD-1400,Projets,"Projets"
OD-1399,Projets,"Projets"
OD-1398,Projets,"Projets"
OD-1397,Projets,"Projets"
OD-1396,Projets,"Projets"
OD-1395,Crm,"CRM"
OD-1394,Crm,"CRM"
OD-1392,Crm,"CRM"
OD-1391,Global,"Global"
OD-1390,Global,"Global"
OD-1389,Global,"Global"
OD-1388,Opérations,"Opérations"
OD-1387,Rh,"RH"
OD-1385,Finance,"Finance"
OD-1384,Finance,"Finance"
OD-1383,Finance,"Finance"
OD-1382,Finance,"Finance"
OD-1381,Crm,"CRM"
OD-1380,Global,"Global"
OD-1379,Global,"Global"
OD-1378,Opérations,"Opérations"
OD-1377,Global,"Global"
OD-1376,Global,"Global"
OD-1375,Rh,"RH"
OD-1374,Rh,"RH"
OD-1373,Rh,"RH"
OD-1372,Finance,"Finance"
OD-1371,Finance,"Finance"
OD-1370,Opérations,"Opérations"
OD-1369,Finance,"Finance"
OD-1368,Rh,"RH"
OD-1365,Projets,"Projets"
OD-1364,Opérations,"Opérations"
OD-1363,Opérations,"Opérations"
OD-1362,Global,"Global"
OD-1361,Opérations,"Opérations"
OD-1360,Rh,"RH"
OD-1359,Rh,"RH"
OD-1358,Rh,"RH"
OD-1357,Opérations,"Opérations"
OD-1356,Rh,"RH"
OD-1355,Rh,"RH"
OD-1354,Rh,"RH"
OD-1353,Opérations,"Opérations"
OD-1352,Opérations,"Opérations"
OD-1351,Finance,"Finance"
OD-1350,Finance,"Finance"
OD-1349,Finance,"Finance"
OD-1348,Finance,"Finance"
OD-1347,Rh,"RH"
OD-1346,Rh,"RH"
OD-1345,Global,"Global"
OD-1344,Paramétrage admin,"Paramétrage admin"
OD-1343,Rh,"RH"
OD-1342,Finance,"Finance"
OD-1341,Opérations,"Opérations"
OD-1340,Finance,"Finance"
OD-1339,Rh,"RH"
OD-1338,Rh,"RH"
OD-1337,Global,"Global"
OD-1336,Rh,"RH"
OD-1335,Rh,"RH"
OD-1334,Rh,"RH"
OD-1332,Rh,"RH"
OD-1331,Rh,"RH"
OD-1330,Rh,"RH"
OD-1329,Rh,"RH"
OD-1328,Rh,"RH"
OD-1327,Paiement,"Paiement"
OD-1326,Global,"Global"
OD-1325,Rh,"RH"
OD-1324,Finance,"Finance"
OD-1323,Opérations,"Opérations"
OD-1322,Rh,"RH"
OD-1321,Opérations,"Opérations"
OD-1320,Crm,"CRM"
OD-1319,Finance,"Finance"
OD-1318,Finance,"Finance"
OD-1317,Paramétrage admin,"Paramétrage admin"
OD-1316,Paramétrage admin,"Paramétrage admin"
OD-1313,Finance,"Finance"
OD-1312,Global,"Global"
OD-1311,Opérations,"Opérations"
OD-1310,Rh,"RH"
OD-1309,Global,"Global"
OD-1308,Rh,"RH"
OD-1307,Opérations,"Opérations"
OD-1306,Global,"Global"
OD-1305,Opérations,"Opérations"
OD-1304,Finance,"Finance"
OD-1303,Global,"Global"
OD-1302,Finance,"Finance"
OD-1300,Finance,"Finance"
OD-1298,Opérations,"Opérations"
OD-1297,Finance,"Finance"
OD-1296,Opérations,"Opérations"
OD-1295,Opérations,"Opérations"
OD-1294,Opérations,"Opérations"
OD-1293,Rh,"RH"
OD-1292,Finance,"Finance"
OD-1291,Finance,"Finance"
OD-1290,Finance,"Finance"
OD-1289,Finance,"Finance"
OD-1288,Projets,"Projets"
OD-1287,Paramétrage admin,"Paramétrage admin"
OD-1286,Finance,"Finance"
OD-1285,Rh,"RH"
OD-1284,Rh,"RH"
OD-1283,Opérations,"Opérations"
OD-1281,Rh,"RH"
OD-1280,Opérations,"Opérations"
OD-1279,Paramétrage admin,"Paramétrage admin"
OD-1278,Rh,"RH"
OD-1276,Projets,"Projets"
OD-1275,Opérations,"Opérations"
OD-1274,Opérations,"Opérations"
OD-1273,Projets,"Projets"
OD-1272,Global,"Global"
OD-1271,Opérations,"Opérations"
OD-1270,Opérations,"Opérations"
OD-1269,Rh,"RH"
OD-1268,Rh,"RH"
OD-1267,Rh,"RH"
OD-1266,Opérations,"Opérations"
OD-1265,Rh,"RH"
OD-1264,Opérations,"Opérations"
OD-1263,Opérations,"Opérations"
OD-1262,Projets,"Projets"
OD-1261,Global,"Global"
OD-1260,Finance,"Finance"
OD-1259,Global,"Global"
OD-1258,Paramétrage admin,"Paramétrage admin"
OD-1257,Global,"Global"
OD-1256,Opérations,"Opérations"
OD-1255,Opérations,"Opérations"
OD-1254,Opérations,"Opérations"
OD-1253,Opérations,"Opérations"
OD-1252,Global,"Global"
OD-1251,Rh,"RH"
OD-1250,Global,"Global"
OD-1249,Global,"Global"
OD-1248,Opérations,"Opérations"
OD-1247,Opérations,"Opérations"
OD-1246,Projets,"Projets"
OD-1237,Finance,"Finance"
OD-1236,Opérations,"Opérations"
OD-1235,Finance,"Finance"
OD-1234,Paramétrage admin,"Paramétrage admin"
OD-1233,Crm,"CRM"
OD-1231,Finance,"Finance"
OD-1230,Rh,"RH"
OD-1229,Rh,"RH"
OD-1228,Opérations,"Opérations"
OD-1227,Opérations,"Opérations"
OD-1226,Opérations,"Opérations"
OD-1225,Rh,"RH"
OD-1224,Crm,"CRM"
OD-1223,Finance,"Finance"
OD-1222,Opérations,"Opérations"
OD-1221,Opérations,"Opérations"
OD-1219,Opérations,"Opérations"
OD-1218,Opérations,"Opérations"
OD-1215,Projets,"Projets"
OD-1214,Finance,"Finance"
OD-1213,Opérations,"Opérations"
OD-1212,Paramétrage admin,"Paramétrage admin"
OD-1210,Crm,"CRM"
OD-1208,Rh,"RH"
OD-1207,Opérations,"Opérations"
OD-1206,Opérations,"Opérations"
OD-1205,Rh,"RH"
OD-1204,Global,"Global"
OD-1203,Opérations,"Opérations"
OD-1202,Paramétrage admin,"Paramétrage admin"
OD-1201,Rh,"RH"
OD-1200,Finance,"Finance"
OD-1199,Projets,"Projets"
OD-1197,Projets,"Projets"
OD-1196,Paramétrage admin,"Paramétrage admin"
OD-1195,Finance,"Finance"
OD-1194,Paramétrage admin,"Paramétrage admin"
OD-1193,Rh,"RH"
OD-1192,Paramétrage admin,"Paramétrage admin"
OD-1190,Rh,"RH"
OD-1189,Paramétrage admin,"Paramétrage admin"
OD-1188,Rh,"RH"
OD-1187,Rh,"RH"
OD-1186,Opérations,"Opérations"
OD-1184,Opérations,"Opérations"
OD-1183,Rh,"RH"
OD-1182,Rh,"RH"
OD-1181,Rh,"RH"
OD-1180,Crm,"CRM"
OD-1179,Crm,"CRM"
OD-1177,Rh,"RH"
OD-1175,Rh,"RH"
OD-1173,Rh,"RH"
OD-1172,Rh,"RH"
OD-1171,Rh,"RH"
OD-1170,Rh,"RH"
OD-1169,Rh,"RH"
OD-1168,Crm,"CRM"
OD-1167,Projets,"Projets"
OD-1166,Crm,"CRM"
OD-1165,Crm,"CRM"
OD-1164,Rh,"RH"
OD-1163,Crm,"CRM"
OD-1161,Opérations,"Opérations"
OD-1160,Rh,"RH"
OD-1158,Crm,"CRM"
OD-1157,Finance,"Finance"
OD-1156,Projets,"Projets"
OD-1153,Opérations,"Opérations"
OD-1152,Rh,"RH"
OD-1151,Rh,"RH"
OD-1149,Rh,"RH"
OD-1148,Opérations,"Opérations"
OD-891,Finance,"Finance"
OD-885,Rh,"RH"
OD-884,Paramétrage admin,"Paramétrage admin"
OD-883,Finance,"Finance"
OD-882,Projets,"Projets"
OD-881,Finance,"Finance"
OD-879,Finance,"Finance"
OD-878,Rh,"RH"
OD-877,Rh,"RH"
OD-872,Paramétrage admin,"Paramétrage admin"
OD-862,Paramétrage admin,"Paramétrage admin"
OD-715,Crm,"CRM"
OD-714,Crm,"CRM"
OD-662,Paramétrage admin,"Paramétrage admin"
OD-661,Paramétrage admin,"Paramétrage admin"
OD-660,Paramétrage admin,"Paramétrage admin"
OD-637,Paramétrage admin,"Paramétrage admin"
OD-636,Paramétrage admin,"Paramétrage admin"
OD-635,Paramétrage admin,"Paramétrage admin"
OD-634,Paramétrage admin,"Paramétrage admin"
OD-633,Paramétrage admin,"Paramétrage admin"
OD-632,Paramétrage admin,"Paramétrage admin"
OD-631,Paramétrage admin,"Paramétrage admin"
OD-630,Paramétrage admin,"Paramétrage admin"
OD-629,Paramétrage admin,"Paramétrage admin"
OD-628,Paramétrage admin,"Paramétrage admin"
OD-614,Paramétrage admin,"Paramétrage admin"
OD-486,Paramétrage admin,"Paramétrage admin"